match_id,date,date_unix,status,game_week,season,fetch_date,league_id,homeID,home_name,awayID,away_name,team_a_xg_prematch,team_b_xg_prematch,odds_ft_1,odds_ft_x,odds_ft_2,odds_ft_1_prob,odds_ft_x_prob,odds_ft_2_prob,odds_ft_over05,odds_ft_under05,odds_ft_over15,odds_ft_under15,odds_ft_over25,odds_ft_under25,odds_ft_over35,odds_ft_under35,odds_ft_over45,odds_ft_under45,odds_btts_yes,odds_btts_no,odds_doublechance_1x,odds_doublechance_12,odds_doublechance_x2,btts_potential,o05_potential,o15_potential,o25_potential,o35_potential,o45_potential,CTMCL,IP_OVER,avg_goals_market,pre_total_xg,odds_corners_over_85,odds_corners_over_95,team_a_attacks,team_b_attacks,team_a_dangerous_attacks,team_b_dangerous_attacks,team_a_penalties_won,team_b_penalties_won
8282849,2025-10-22 06:30:00,1761094800,complete,14,2025/2026,2025-10-22,15234,1420,América,1433,Puebla,1.74,1.33,1.22,5.1,9.7,0.7326066996416195,0.1752510144240737,0.09214228593430679,1.02,11.0,1.15,4.6,1.58,2.4,2.22,1.58,3.86,1.18,1.91,1.82,1.11,1.11,3.6,62,96,81,62,46,23,2.632911392405063,0.6329113924050632,2.31,3.0700000000000003,1.31,1.63,111,77,50,15,1,0
8282943,2025-10-22 06:30:00,1761094800,complete,14,2025/2026,2025-10-22,15234,1428,Necaxa,1432,Cruz Azul,1.57,1.97,3.4,3.58,1.83,0.26262958300929234,0.24942474364011002,0.48794567335059774,1.03,13.0,1.15,4.25,1.65,2.2,2.55,1.47,4.4,1.16,1.56,2.33,1.24,1.22,1.25,66,96,77,58,38,23,2.606060606060606,0.6060606060606061,2.31,3.54,1.49,2.11,86,111,42,33,0,0
8282893,2025-10-22 08:30:00,1761102000,complete,14,2025/2026,2025-10-22,15234,686211,Mazatlán,1426,Santos Laguna,1.11,1.1,2.0,3.4,3.0,0.4434782608695652,0.2608695652173913,0.29565217391304344,1.01,12.4,1.22,3.95,1.69,2.11,2.56,1.4,4.6,1.13,1.61,2.4,1.27,1.2,1.67,54,96,70,58,39,19,2.591715976331361,0.591715976331361,2.38,2.21,1.42,1.99,96,79,53,30,0,0
8282941,2025-10-22 08:35:00,1761102300,complete,14,2025/2026,2025-10-22,15234,1430,Monterrey,1444,Juárez,1.64,1.26,1.6,4.05,5.5,0.5931300758886966,0.2343229929436826,0.17254693116762082,1.03,14.4,1.17,4.05,1.67,2.25,2.56,1.4,4.65,1.12,1.77,2.02,1.09,1.18,2.46,66,100,81,58,43,16,2.5988023952095807,0.5988023952095809,2.27,2.9,1.57,2.21,77,73,35,36,0,0
7998189,2025-10-22 14:00:00,1761121800,incomplete,10,2025/2026,2025-10-22,15283,7876,PSIM Yogyakarta,706876,Dewa United,1.61,1.43,3.6,3.4,1.72,0.24085667215815484,0.25502471169686985,0.5041186161449752,1.0,9.1,1.21,3.65,1.81,2.0,2.83,1.33,5.3,1.14,1.73,2.0,1.22,1.24,1.16,75,100,100,42,17,0,2.552486187845304,0.5524861878453039,1.92,3.04,1.39,1.77,0,0,0,0,0,0
8214994,2025-10-22 15:30:00,1761127200,incomplete,3,2025/2026,2025-10-22,14891,3831,Gangwon,1008,Vissel Kobe,1.16,1.4,3.1,2.9,2.3,0.29267222465993853,0.3128565160157964,0.394471259324265,1.04,6.5,1.38,2.64,2.34,1.69,4.2,1.16,8.8,1.1,1.91,1.73,1.25,1.3,1.26,25,100,50,50,0,0,2.4273504273504276,0.4273504273504274,2.5,2.5599999999999996,1.77,2.62,0,0,0,0,0,0
8260708,2025-10-22 15:30:00,1761127200,incomplete,3,2025/2026,2025-10-22,16004,678199,Galatasaray U19,674304,Bodø / Glimt U19,0.7,0.63,1.22,6.5,12.5,0.778033132241693,0.14603083405151776,0.07593603370678924,0.0,0.0,0.0,0.0,1.21,3.93,1.67,2.2,2.15,1.57,1.66,2.1,0.0,0.0,0.0,0,100,100,75,75,50,2.8264462809917354,0.8264462809917356,2.25,1.33,0.0,0.0,0,0,0,0,0,0
8260711,2025-10-22 15:30:00,1761127200,incomplete,3,2025/2026,2025-10-22,16004,4670,Athletic Club U19,679707,Qarabağ U19,3.0,0.62,1.01,14.0,28.0,0.9023525620367386,0.06509829197550757,0.03254914598775378,0.0,0.0,0.0,0.0,1.04,8.37,0.0,0.0,0.0,0.0,3.5,1.28,0.0,0.0,0.0,50,100,100,100,100,50,2.9615384615384617,0.9615384615384615,2.5,3.62,0.0,0.0,0,0,0,0,0,0
8260777,2025-10-22 15:30:00,1761127200,incomplete,0,2025/2026,2025-10-22,16004,679541,Legia Warszawa U19,8446,Fiorentina U19,0.0,0.0,3.4,4.0,1.75,0.263653483992467,0.22410546139359697,0.5122410546139359,1.01,18.0,1.08,6.6,1.3,2.92,1.86,1.83,2.9,1.3,1.34,2.95,1.19,1.18,1.26,0,0,0,0,0,0,2.769230769230769,0.7692307692307692,2.5,,0.0,1.44,0,0,0,0,0,0
8336751,2025-10-22 15:30:00,1761127200,incomplete,2,2025/2026,2025-10-22,16004,679541,Legia Warszawa U19,679119,Fiorentina U20,0.0,0.0,3.3,3.65,1.95,0.2780544975095224,0.25139173747436266,0.47055376501611484,0.0,0.0,0.0,0.0,0.0,0.0,1.86,1.85,0.0,0.0,0.0,0.0,0.0,0.0,0.0,0,0,0,0,0,0,2.5,,2.5,,0.0,0.0,0,0,0,0,0,0
8336765,2025-10-22 15:30:00,1761127200,incomplete,2,2025/2026,2025-10-22,16004,1896,Lokomotiva Zagreb U19,679688,FCSB U19,0.0,0.0,1.58,4.33,4.62,0.5858617215688112,0.2137786420505131,0.20035963638067572,0.0,0.0,0.0,0.0,0.0,0.0,1.84,1.87,0.0,0.0,0.0,0.0,0.0,0.0,0.0,0,0,0,0,0,0,2.5,,2.5,,0.0,0.0,0,0,0,0,0,0
8260780,2025-10-22 16:30:00,1761130800,incomplete,2,2025/2026,2025-10-22,16004,1741,Dynamo Kyiv U19,6940,Brommapojkarna U19,0.0,0.0,1.37,4.85,6.27,0.6662336040522392,0.18819382217558098,0.14557257377217986,0.0,0.0,0.0,0.0,0.0,0.0,1.85,1.85,0.0,0.0,0.0,0.0,0.0,0.0,0.0,0,0,0,0,0,0,2.5,,2.5,,0.0,0.0,0,0,0,0,0,0
8336767,2025-10-22 17:00:00,1761132600,incomplete,2,2025/2026,2025-10-22,16004,1606557,AEK Larnaca U19,679733,Dinamo Tbilisi U19,0.0,1.03,0.0,0.0,0.0,,,,0.0,0.0,0.0,0.0,0.0,0.0,0.0,0.0,0.0,0.0,0.0,0.0,0.0,0.0,0.0,25,50,50,25,0,0,2.5,,2.25,,0.0,0.0,0,0,0,0,0,0
8260705,2025-10-22 17:30:00,1761134400,incomplete,3,2025/2026,2025-10-22,16004,4222,Monaco  U19,678828,Tottenham Hotspur U19,1.24,2.43,2.55,3.75,2.5,0.3703703703703704,0.2518518518518518,0.37777777777777777,0.0,0.0,0.0,0.0,1.6,2.35,2.15,1.6,0.0,0.0,1.53,2.37,0.0,0.0,0.0,50,100,75,75,75,75,2.625,0.625,2.5,3.67,0.0,0.0,0,0,0,0,0,0
8260706,2025-10-22 17:30:00,1761134400,incomplete,3,2025/2026,2025-10-22,16004,8469,Atalanta U19,3719,Slavia Praha U19,1.54,2.3,1.68,4.3,4.5,0.5668834593074354,0.22148004921778872,0.2116364914747759,1.01,16.0,1.1,5.0,1.43,2.62,2.15,1.7,3.42,1.23,1.41,2.66,1.18,1.17,1.6,50,100,100,75,75,50,2.699300699300699,0.6993006993006994,2.25,3.84,0.0,2.0,0,0,0,0,0,0
8260709,2025-10-22 17:30:00,1761134400,incomplete,3,2025/2026,2025-10-22,16004,1606,Eintracht Frankfurt U19,678824,Liverpool U19,1.77,1.85,3.65,4.9,1.75,0.2610548748002131,0.1944592434736281,0.5444858817261587,1.02,14.9,1.12,4.75,1.45,2.56,2.15,1.7,3.68,1.18,1.44,2.56,1.3,1.19,1.58,25,75,75,50,25,0,2.689655172413793,0.6896551724137931,2.25,3.62,0.0,0.0,0,0,0,0,0,0
8260712,2025-10-22 17:30:00,1761134400,incomplete,3,2025/2026,2025-10-22,16004,678819,Chelsea U19,678845,Ajax U19,1.63,1.94,1.35,6.0,6.6,0.699523052464229,0.1573926868044515,0.14308426073131958,1.01,22.0,1.07,5.95,1.45,2.56,2.15,1.7,2.83,1.33,1.46,2.5,1.14,1.13,2.21,100,100,100,75,75,75,2.689655172413793,0.6896551724137931,2.25,3.57,0.0,1.82,0,0,0,0,0,0
8336748,2025-10-22 17:30:00,1761134400,incomplete,2,2025/2026,2025-10-22,16004,9428,Midtjylland U19,1306454,Budućnost U19,0.0,0.0,0.0,0.0,0.0,,,,0.0,0.0,0.0,0.0,0.0,0.0,0.0,0.0,0.0,0.0,0.0,0.0,0.0,0.0,0.0,50,50,50,50,25,25,2.5,,2.5,,0.0,0.0,0,0,0,0,0,0
8214977,2025-10-22 17:45:00,1761135300,incomplete,3,2025/2026,2025-10-22,14891,846,Shanghai Shenhua,3833,FC Seoul,1.05,1.15,2.39,3.45,2.45,0.3747755337309065,0.2596271088744541,0.3655973573946394,1.01,12.5,1.22,4.0,1.68,2.23,2.54,1.45,4.6,1.13,1.5,2.4,1.24,1.25,1.43,75,100,100,50,0,0,2.5952380952380953,0.5952380952380952,2.0,2.2,1.49,1.87,0,0,0,0,0,0
8336742,2025-10-22 18:00:00,1761136200,incomplete,2,2025/2026,2025-10-22,16004,3712,Baník Ostrava U19,678839,Crvena Zvezda U19,0.0,0.0,2.4,4.1,2.35,0.38363527772247663,0.2245669918375473,0.3917977304399761,1.01,21.0,1.06,7.5,1.24,3.34,1.71,2.03,2.7,1.42,1.26,3.45,1.22,1.19,1.51,0,0,0,0,0,0,2.806451612903226,0.8064516129032259,2.5,,0.0,1.9,0,0,0,0,0,0
8260713,2025-10-22 18:30:00,1761138000,incomplete,3,2025/2026,2025-10-22,16004,679647,Sporting CP U19,4191,Olympique Marseille U19,2.64,1.57,1.55,4.4,5.5,0.611961057023644,0.21557719054242003,0.17246175243393602,0.0,0.0,0.0,0.0,1.46,2.52,2.25,1.65,0.0,0.0,1.66,2.1,0.0,0.0,0.0,100,100,100,75,75,75,2.684931506849315,0.684931506849315,2.25,4.21,0.0,0.0,0,0,0,0,0,0
8260783,2025-10-22 19:00:00,1761139800,incomplete,2,2025/2026,2025-10-22,16004,679687,Austria Wien U19,679706,Maccabi Haifa U19,0.0,0.0,1.5,5.0,4.5,0.6122448979591837,0.18367346938775514,0.20408163265306123,0.0,0.0,0.0,0.0,0.0,0.0,0.0,0.0,0.0,0.0,0.0,0.0,0.0,0.0,0.0,0,0,0,0,0,0,2.5,,2.5,,0.0,0.0,0,0,0,0,0,0
8042694,2025-10-22 19:30:00,1761141600,incomplete,11,2025/2026,2025-10-22,15544,1125,Al Ahly,1131,Al Ittihad,1.65,1.11,1.23,4.6,12.0,0.729984924224391,0.19519162104260893,0.07482345473300007,0.0,0.0,0.0,0.0,1.96,1.74,0.0,0.0,0.0,0.0,2.75,1.4,0.0,0.0,0.0,38,88,50,38,25,13,2.510204081632653,0.5102040816326531,2.38,2.76,0.0,0.0,0,0,0,0,0,0
8260707,2025-10-22 19:30:00,1761141600,incomplete,3,2025/2026,2025-10-22,16004,4668,Real Madrid U19,8434,Juventus U19,1.84,1.56,1.45,4.9,6.1,0.6520506108202444,0.19295375218150085,0.1549956369982548,1.01,16.5,1.09,5.4,1.42,2.65,2.2,1.65,3.2,1.3,1.68,2.04,1.06,1.13,2.98,75,100,75,75,75,75,2.704225352112676,0.7042253521126761,2.5,3.4000000000000004,0.0,2.0,0,0,0,0,0,0
8260710,2025-10-22 19:30:00,1761141600,incomplete,3,2025/2026,2025-10-22,16004,1573,Bayern München U19,678834,Club Brugge U19,2.38,1.52,1.3,6.3,7.8,0.7283236994219653,0.15028901734104044,0.12138728323699423,1.01,19.0,1.06,6.05,1.41,2.69,1.9,1.9,3.05,1.28,1.41,2.6,1.17,1.11,1.9,25,100,75,50,25,25,2.7092198581560285,0.7092198581560284,2.25,3.9,0.0,2.0,0,0,0,0,0,0
8336770,2025-10-22 19:30:00,1761141600,incomplete,2,2025/2026,2025-10-22,16004,10928,KA U19,677011,PAOK U19,1.48,0.0,0.0,0.0,0.0,,,,0.0,0.0,0.0,0.0,0.0,0.0,0.0,0.0,0.0,0.0,0.0,0.0,0.0,0.0,0.0,25,50,25,25,25,0,2.5,,2.5,,0.0,0.0,0,0,0,0,0,0
8336768,2025-10-22 20:00:00,1761143400,incomplete,2,2025/2026,2025-10-22,16004,668320,Žilina U19,1568162,Shelbourne U19,0.0,3.78,1.37,5.1,6.47,0.6755049858847565,0.18145918248276796,0.1430358316324755,0.0,0.0,0.0,0.0,1.36,3.0,2.14,1.64,0.0,0.0,0.0,0.0,0.0,0.0,0.0,25,50,50,50,50,50,2.735294117647059,0.7352941176470588,2.5,,0.0,0.0,0,0,0,0,0,0
7828587,2025-10-22 20:30:00,1761145200,incomplete,33,2025,2025-10-22,14165,683758,Harju Jalgpallikool,1636,Tammeka,1.31,1.29,2.32,3.55,2.58,0.3917350281857609,0.2560071170115395,0.35225785480269967,1.0,16.0,1.07,5.3,1.38,2.81,2.05,1.68,3.4,1.28,1.35,2.75,1.2,1.2,1.55,60,100,90,80,42,26,2.7246376811594204,0.7246376811594204,2.4,2.6,1.25,1.61,0,0,0,0,0,0
7828620,2025-10-22 20:30:00,1761145200,incomplete,33,2025,2025-10-22,14165,1644,Tallinna Kalev,988,Nõmme Kalju,1.35,1.85,12.0,7.3,1.14,0.07592927136366123,0.12481524059779929,0.7992554880385394,1.01,18.5,1.09,5.3,1.38,2.81,1.81,1.89,3.3,1.3,1.8,1.85,1.09,1.14,1.04,53,97,82,72,54,22,2.7246376811594204,0.7246376811594204,2.4,3.2,1.14,1.39,0,0,0,0,0,0
8258095,2025-10-22 20:30:00,1761145200,incomplete,6,2025,2025-10-22,14089,406,Inter Turku,419,Gnistan,1.7,1.33,1.4,4.5,5.5,0.6387096774193548,0.19870967741935483,0.1625806451612903,1.01,17.5,1.14,6.15,1.43,2.62,2.13,1.7,3.24,1.26,1.69,2.15,1.15,1.14,3.1,61,91,82,63,45,26,2.699300699300699,0.6993006993006994,2.31,3.0300000000000002,1.22,1.42,0,0,0,0,0,0
8260778,2025-10-22 20:30:00,1761145200,incomplete,2,2025/2026,2025-10-22,16004,4202,Nantes U19,1306446,Sabah U19,0.0,0.0,0.0,0.0,0.0,,,,0.0,0.0,0.0,0.0,0.0,0.0,0.0,0.0,0.0,0.0,0.0,0.0,0.0,0.0,0.0,0,0,0,0,0,0,2.5,,2.5,,0.0,0.0,0,0,0,0,0,0
8286061,2025-10-22 21:00:00,1761147000,incomplete,32,2025,2025-10-22,14291,666715,FA Šiauliai,1238,Banga,1.24,1.1,1.51,4.1,5.1,0.6008275386472042,0.22128038618470205,0.1778920751680938,1.0,11.4,1.21,3.35,1.76,1.94,3.0,1.37,5.4,1.1,1.7,2.03,1.22,1.22,2.07,51,94,74,61,32,13,2.5681818181818183,0.5681818181818182,2.37,2.34,1.33,1.8,0,0,0,0,0,0
7828622,2025-10-22 21:30:00,1761148800,incomplete,33,2025,2025-10-22,14165,965,Tallinna FC Levadia,1635,Paide,2.32,1.91,1.61,4.0,4.0,0.554016620498615,0.22299168975069256,0.22299168975069256,1.01,10.5,1.2,3.65,1.77,1.93,2.88,1.38,5.0,1.1,1.76,2.0,1.27,1.23,2.1,52,97,82,69,30,6,2.5649717514124295,0.5649717514124294,2.37,4.2299999999999995,1.25,1.5,0,0,0,0,0,0
8258096,2025-10-22 21:30:00,1761148800,incomplete,6,2025,2025-10-22,14089,412,HJK,102,SJK,1.8,1.57,1.59,4.1,4.1,0.5631868131868131,0.2184065934065934,0.2184065934065934,1.01,19.0,1.11,5.95,1.35,2.94,1.9,1.8,3.05,1.33,1.36,2.93,1.25,1.19,1.9,73,97,85,78,63,37,2.7407407407407405,0.7407407407407407,2.43,3.37,1.29,1.61,0,0,0,0,0,0
8260781,2025-10-22 21:30:00,1761148800,incomplete,2,2025/2026,2025-10-22,16004,679753,Brann U19,679740,Puskás Akadémia U19,0.0,0.0,1.94,4.0,3.0,0.4691164972634871,0.2275215011727912,0.3033620015637216,0.0,0.0,1.02,9.8,1.2,3.72,1.59,2.19,2.33,1.48,1.23,3.66,1.19,1.19,1.76,0,0,0,0,0,0,2.8333333333333335,0.8333333333333334,2.5,,0.0,0.0,0,0,0,0,0,0
8260782,2025-10-22 21:30:00,1761148800,incomplete,2,2025/2026,2025-10-22,16004,1286315,Bravo U19,678846,Porto U19,0.0,0.0,13.0,8.0,1.15,0.07179087007413187,0.1166601638704643,0.8115489660554038,0.0,0.0,0.0,0.0,1.36,3.0,1.81,1.9,0.0,0.0,0.0,0.0,0.0,0.0,0.0,0,0,0,0,0,0,2.735294117647059,0.7352941176470588,2.5,,0.0,0.0,0,0,0,0,0,0
8286062,2025-10-22 21:30:00,1761148800,incomplete,32,2025,2025-10-22,14291,1246,Panevėžys,1232,Trakai,1.23,1.09,1.59,4.1,4.4,0.5717002059895421,0.2217081286642371,0.2065916653462209,1.03,12.4,1.2,4.2,1.65,2.1,2.52,1.46,4.6,1.15,1.65,2.05,1.18,1.15,2.17,49,97,81,56,26,10,2.606060606060606,0.6060606060606061,2.25,2.3200000000000003,1.38,1.92,0,0,0,0,0,0
8286063,2025-10-22 21:30:00,1761148800,incomplete,32,2025,2025-10-22,14291,1231,Kauno Žalgiris,85,Žalgiris,1.74,1.63,2.12,3.81,2.73,0.4286350093340091,0.23850556949818882,0.332859421167802,1.01,10.5,1.22,3.5,1.77,1.93,3.25,1.39,5.3,1.09,1.65,2.05,1.27,1.21,1.74,58,97,91,68,36,10,2.5649717514124295,0.5649717514124294,2.27,3.37,1.41,2.0,0,0,0,0,0,0
8283215,2025-10-22 22:00:00,1761150600,incomplete,6,2025/2026,2025-10-22,14973,2434,Bohemians 1905,2435,Mladá Boleslav,1.25,1.4,2.09,3.43,3.38,0.44889899056388255,0.2735273732590421,0.2775736361770753,1.04,10.0,1.22,4.25,1.63,2.14,2.77,1.42,5.08,1.15,1.59,2.26,1.3,1.22,1.73,49,100,67,49,39,30,2.6134969325153374,0.6134969325153374,2.32,2.65,1.36,1.58,0,0,0,0,0,0
8336753,2025-10-22 22:00:00,1761150600,incomplete,2,2025/2026,2025-10-22,16004,869233,Racing Union U19,1600,Köln U19,0.0,0.0,0.0,0.0,0.0,,,,0.0,0.0,0.0,0.0,0.0,0.0,0.0,0.0,0.0,0.0,0.0,0.0,0.0,0.0,0.0,25,50,50,25,25,0,2.5,,2.25,,0.0,0.0,0,0,0,0,0,0
8291284,2025-10-22 22:15:00,1761151500,incomplete,3,2025/2026,2025-10-22,14924,285,Athletic Club Bilbao,75,Qarabağ,0.99,1.61,1.3,5.1,9.4,0.7177721215750861,0.1829615211858063,0.09926635723910766,1.03,15.0,1.19,4.5,1.63,2.25,2.6,1.44,4.45,1.18,1.98,1.84,1.17,1.14,3.3,50,100,88,57,50,44,2.6134969325153374,0.6134969325153374,2.19,2.6,1.56,1.92,0,0,0,0,0,0
8291338,2025-10-22 22:15:00,1761151500,incomplete,3,2025/2026,2025-10-22,14924,187,Galatasaray,332,FK Bodo - Glimt,1.29,1.72,1.53,4.5,5.1,0.6097560975609756,0.2073170731707317,0.1829268292682927,1.01,27.0,1.06,6.5,1.63,2.25,1.93,1.77,3.0,1.36,1.44,2.63,1.23,1.15,2.49,63,100,75,75,63,38,2.6134969325153374,0.6134969325153374,2.5,3.01,1.34,1.56,0,0,0,0,0,0
8231989,2025-10-22 22:30:00,1761152400,incomplete,3,2025/2026,2025-10-22,14972,194,Konyaspor,109,Beşiktaş,1.5,1.47,3.0,3.25,2.0,0.29213483146067415,0.26966292134831465,0.43820224719101125,1.02,13.3,1.25,3.9,1.73,2.13,2.8,1.45,5.1,1.15,1.58,2.08,1.65,1.22,1.35,50,100,100,75,25,13,2.578034682080925,0.5780346820809249,2.25,2.9699999999999998,1.5,2.06,0,0,0,0,0,0
8231998,2025-10-22 22:30:00,1761152400,incomplete,3,2025/2026,2025-10-22,14972,192,Rizespor,196,İstanbul Başakşehir,1.48,1.23,2.3,3.6,2.71,0.40199431373356964,0.2568297004408917,0.34117598582553876,1.05,11.4,1.23,3.44,1.91,1.98,2.99,1.38,5.75,1.14,1.72,2.15,1.25,1.23,1.59,50,100,75,63,0,0,2.5235602094240837,0.5235602094240838,2.38,2.71,1.56,2.34,0,0,0,0,0,0
8260779,2025-10-22 22:30:00,1761152400,incomplete,2,2025/2026,2025-10-22,16004,679653,Basel U19,4654,Real Betis U19,0.0,0.0,6.5,4.9,1.4,0.14348462664714495,0.19033674963396777,0.6661786237188873,1.01,18.0,1.08,6.3,1.35,2.9,1.98,1.78,3.04,1.29,1.56,2.21,1.13,1.11,1.07,0,0,0,0,0,0,2.7407407407407405,0.7407407407407407,2.5,,0.0,0.0,0,0,0,0,0,0
8331445,2025-10-22 22:30:00,1761152400,incomplete,11,2025/2026,2025-10-22,15544,1132,Al Masry,1130,Smouha SC,1.5,1.25,2.0,2.64,4.2,0.4476744186046512,0.3391472868217054,0.2131782945736434,1.09,6.5,1.5,2.4,2.4,1.5,4.63,1.19,8.7,1.01,2.0,1.67,1.32,1.33,1.89,65,88,75,63,40,10,2.4166666666666665,0.4166666666666667,2.38,2.75,1.66,2.1,0,0,0,0,0,0
8341128,2025-10-22 22:30:00,1761152400,canceled,11,2025/2026,2025-10-22,15544,1130,Smouha SC,1132,Al Masry,1.52,1.26,0.0,0.0,0.0,,,,0.0,0.0,0.0,0.0,0.0,0.0,0.0,0.0,0.0,0.0,0.0,0.0,0.0,0.0,0.0,30,80,60,20,0,0,2.5,,2.1,2.7800000000000002,0.0,0.0,0,0,0,0,0,0
8149493,2025-10-22 23:00:00,1761154200,incomplete,10,2025/2026,2025-10-22,15587,1278,Kaizer Chiefs,1540723,Siwelele,1.93,1.3,1.72,3.2,5.4,0.5387877276128711,0.2895984035919182,0.17161386879521076,1.08,7.5,1.5,2.4,2.69,1.41,4.75,1.18,9.5,1.02,2.75,1.45,1.07,1.26,2.37,25,92,63,9,9,0,2.3717472118959106,0.3717472118959108,1.96,3.23,1.87,2.43,0,0,0,0,0,0
8341125,2025-10-22 23:00:00,1761154200,incomplete,10,2025/2026,2025-10-22,15587,1270,Orlando Pirates,1265,Polokwane City,1.74,1.35,1.42,3.75,9.0,0.6508533410471508,0.24645646514318775,0.10269019380966156,1.09,6.25,1.5,2.4,2.5,1.47,4.42,1.2,9.1,1.0,3.2,1.38,1.01,1.25,3.34,13,100,25,0,0,0,2.4,0.4,2.5,3.09,1.77,2.38,0,0,0,0,0,0
8341126,2025-10-22 23:00:00,1761154200,incomplete,10,2025/2026,2025-10-22,15587,668342,Stellenbosch,1264,Golden Arrows,1.12,0.95,1.65,3.25,6.0,0.5609492988133765,0.284789644012945,0.15426105717367852,1.12,6.25,1.55,2.3,2.81,1.38,5.15,1.14,9.4,1.04,2.5,1.43,1.31,1.25,2.04,38,90,48,25,13,0,2.3558718861209966,0.35587188612099646,2.27,2.0700000000000003,1.58,2.0,0,0,0,0,0,0
8336769,2025-10-22 23:30:00,1761156000,incomplete,2,2025/2026,2025-10-22,16004,1606556,Vikingur Gota U19,678814,Genk U19,0.0,0.0,0.0,0.0,0.0,,,,0.0,0.0,0.0,0.0,0.0,0.0,0.0,0.0,0.0,0.0,0.0,0.0,0.0,0.0,0.0,25,50,25,25,25,25,2.5,,2.5,,0.0,0.0,0,0,0,0,0,0
8202362,2025-10-23 00:15:00,1761158700,incomplete,11,2025/2026,2025-10-22,14930,1837,Wrexham,243,Oxford United,1.55,1.23,1.83,3.5,4.2,0.5105762217359592,0.26695842450765866,0.2224653537563822,1.05,9.35,1.26,3.24,1.77,1.98,3.3,1.25,7.0,1.05,1.8,1.96,1.25,1.27,1.81,80,90,80,60,50,20,2.5649717514124295,0.5649717514124294,2.3,2.7800000000000002,1.34,1.63,0,0,0,0,0,0
8202376,2025-10-23 00:15:00,1761158700,incomplete,11,2025/2026,2025-10-22,14930,154,Swansea City,160,Queens Park Rangers,1.33,1.31,1.87,3.64,3.86,0.500452353305741,0.257100522165312,0.24244712452894712,1.03,7.7,1.32,2.89,2.03,1.78,3.85,1.22,6.75,1.04,1.93,1.85,1.3,1.25,1.68,90,100,90,60,40,10,2.4926108374384235,0.4926108374384237,2.2,2.64,1.4,1.62,0,0,0,0,0,0
8202383,2025-10-23 00:15:00,1761158700,incomplete,11,2025/2026,2025-10-22,14930,155,Watford,142,West Bromwich Albion,1.8,1.24,2.88,3.26,2.4,0.32431356943891765,0.28651014723438123,0.3891762833267012,1.03,8.0,1.34,2.8,2.1,1.75,4.13,1.2,7.2,1.03,1.83,1.84,1.33,1.28,1.44,60,100,70,70,20,10,2.4761904761904763,0.47619047619047616,2.5,3.04,1.5,1.73,0,0,0,0,0,0
8336771,2025-10-23 00:15:00,1761158700,incomplete,2,2025/2026,2025-10-22,16004,869234,Hibernian U19,1306453,2 Korriku U19,0.0,0.0,1.46,4.6,5.6,0.6336711600905245,0.2011217160287317,0.16520712388074388,0.0,0.0,1.11,5.6,1.42,2.49,2.12,1.65,3.34,1.24,1.56,2.25,1.16,1.13,2.52,0,0,0,0,0,0,2.704225352112676,0.7042253521126761,2.5,,0.0,1.95,0,0,0,0,0,0
8202378,2025-10-23 00:30:00,1761159600,incomplete,11,2025/2026,2025-10-22,14930,214,Sheffield Wednesday,147,Middlesbrough,1.13,1.24,4.7,3.66,1.71,0.19870085339835417,0.2551622980798537,0.5461368485217921,1.04,8.9,1.28,3.84,1.87,1.87,2.99,1.3,5.6,1.08,1.81,1.91,1.25,1.25,1.16,40,100,90,60,20,10,2.53475935828877,0.53475935828877,2.2,2.37,1.3,1.54,0,0,0,0,0,0
8291263,2025-10-23 00:30:00,1761159600,incomplete,3,2025/2026,2025-10-22,14924,114,Sporting CP,443,Olympique Marseille,1.77,1.3,2.11,3.6,3.14,0.4428530013241712,0.25956106466500034,0.2975859340108284,1.01,15.0,1.16,5.2,1.68,2.18,2.4,1.56,4.4,1.16,1.51,2.55,1.3,1.25,1.62,75,100,100,100,50,25,2.5952380952380953,0.5952380952380952,2.5,3.0700000000000003,1.57,1.95,0,0,0,0,0,0
8291282,2025-10-23 00:30:00,1761159600,incomplete,3,2025/2026,2025-10-22,14924,38,Bayern München,95,Club Brugge,2.46,2.09,1.24,5.7,11.0,0.7517264530980242,0.16353347400728946,0.08474007289468637,1.01,29.0,1.05,8.5,1.26,3.63,1.92,1.88,2.35,1.51,1.67,2.09,1.1,1.08,4.8,84,100,92,92,84,50,2.7936507936507935,0.7936507936507936,2.5,4.55,1.41,1.73,0,0,0,0,0,0
8291301,2025-10-23 00:30:00,1761159600,incomplete,3,2025/2026,2025-10-22,14924,56,Monaco,92,Tottenham Hotspur,1.24,0.97,2.68,3.59,2.39,0.3486924186698636,0.2603052039095361,0.39100237742060023,1.04,15.0,1.19,4.5,1.68,2.18,2.45,1.56,4.4,1.18,1.5,2.7,1.29,1.25,1.44,75,100,75,75,75,25,2.5952380952380953,0.5952380952380952,2.5,2.21,1.48,1.76,0,0,0,0,0,0
8291332,2025-10-23 00:30:00,1761159600,incomplete,3,2025/2026,2025-10-22,14924,84,Real Madrid,90,Juventus,2.88,1.76,1.54,4.3,5.3,0.6065364347687231,0.21722467663810083,0.17623888859317616,1.03,15.0,1.17,4.8,1.68,2.18,2.33,1.59,4.2,1.16,1.75,2.04,1.2,1.14,2.7,75,100,100,100,75,50,2.5952380952380953,0.5952380952380952,2.5,4.64,1.44,1.69,0,0,0,0,0,0
8291341,2025-10-23 00:30:00,1761159600,incomplete,3,2025/2026,2025-10-22,14924,152,Chelsea,120,Ajax,1.07,1.07,1.25,6.2,9.3,0.7484909456740443,0.15090543259557343,0.10060362173038229,1.01,23.0,1.05,6.5,1.37,2.94,1.98,1.77,3.17,1.33,1.74,2.1,1.06,1.11,3.85,25,100,75,50,50,0,2.72992700729927,0.7299270072992701,2.25,2.14,1.51,2.13,0,0,0,0,0,0
8291354,2025-10-23 00:30:00,1761159600,incomplete,3,2025/2026,2025-10-22,14924,464,Atalanta,1213,Slavia Praha,1.38,1.66,1.49,4.7,5.4,0.6277671968141681,0.19901555813895966,0.1732172450468723,1.02,17.0,1.17,4.8,1.48,2.54,2.3,1.63,3.88,1.21,1.73,2.01,1.19,1.15,2.94,50,100,100,100,50,0,2.6756756756756754,0.6756756756756757,2.5,3.04,1.51,1.85,0,0,0,0,0,0
8291377,2025-10-23 00:30:00,1761159600,incomplete,3,2025/2026,2025-10-22,14924,44,Eintracht Frankfurt,151,Liverpool,1.07,1.99,4.6,4.4,1.6,0.20323325635103925,0.21247113163972284,0.5842956120092379,1.01,29.0,1.11,6.25,1.44,2.75,1.98,1.77,2.88,1.38,1.43,2.95,1.22,1.22,1.18,75,100,75,75,75,75,2.6944444444444446,0.6944444444444444,2.5,3.06,1.45,1.96,0,0,0,0,0,0
8323331,2025-10-23 00:30:00,1761159600,incomplete,8,2025/2026,2025-10-22,15593,1298,MC Alger,1283,Paradou AC,1.61,1.05,1.43,3.79,7.2,0.6345500503445053,0.2394212591009611,0.1260286905545337,1.03,7.3,1.35,3.02,1.85,1.85,3.5,1.22,6.6,1.05,2.42,1.49,1.18,1.15,2.85,42,100,42,42,42,25,2.5405405405405403,0.5405405405405405,2.5,2.66,1.92,3.1,0,0,0,0,0,0
8219501,2025-10-23 01:30:00,1761163200,incomplete,9,2025,2025-10-22,14309,686882,Chacaritas,744877,Vargas Torres,1.31,1.28,3.79,3.16,1.92,0.23961706766085844,0.28738882482109285,0.4729941075180487,1.03,7.6,1.33,2.83,2.13,1.64,3.78,1.19,7.5,1.03,1.91,1.83,1.36,1.34,1.29,55,82,72,46,29,16,2.4694835680751175,0.4694835680751174,2.24,2.59,0.0,0.0,0,0,0,0,0,0
8223893,2025-10-23 01:30:00,1761163200,incomplete,9,2025,2025-10-22,14309,686881,9 de Octubre,744881,Leones del Norte,1.31,1.28,2.95,2.95,2.48,0.3135271807838179,0.3135271807838179,0.3729456384323641,0.0,0.0,1.52,2.4,0.0,0.0,0.0,0.0,0.0,0.0,0.0,0.0,0.0,0.0,0.0,45,89,60,29,7,4,2.5,,2.19,2.59,0.0,0.0,0,0,0,0,0,0
8232948,2025-10-23 01:30:00,1761163200,incomplete,9,2025,2025-10-22,14309,698770,Cumbayá,1241365,Vinotinto,1.26,1.43,2.5,3.05,2.68,0.363305035779368,0.2977910129339082,0.3389039512867238,1.05,6.55,1.44,2.46,2.35,1.53,4.4,1.13,8.5,1.05,2.01,1.7,1.29,1.28,1.46,38,88,62,45,31,9,2.425531914893617,0.425531914893617,2.33,2.69,1.52,1.85,0,0,0,0,0,0
7834448,2025-10-23 03:30:00,1761170400,incomplete,14,2025,2025-10-22,14231,626,Bahia,630,Internacional,1.57,1.09,1.84,3.21,3.77,0.4851372424824313,0.2780848991176553,0.23677785839991344,1.04,8.3,1.31,2.94,2.1,1.65,3.8,1.25,8.0,1.04,1.89,1.81,1.31,1.25,1.93,64,96,82,52,26,11,2.4761904761904763,0.47619047619047616,2.2,2.66,1.62,2.35,0,0,0,0,0,0
8341548,2025-10-23 06:00:00,1761179400,incomplete,0,2025,2025-10-23,13973,7,Chicago Fire,17,Orlando City,1.61,1.71,1.8,3.86,3.28,0.49625286130883317,0.23141325138753882,0.27233388730362795,0.0,0.0,1.14,4.85,1.58,2.22,1.85,1.85,4.09,1.22,1.49,2.71,1.19,1.22,1.8,68,85,76,62,44,24,2.632911392405063,0.6329113924050632,2.36,3.3200000000000003,1.46,1.85,0,0,0,0,0,0
8282850,2025-10-23 06:30:00,1761181200,incomplete,14,2025/2026,2025-10-23,15234,1417,Pachuca,1423,Tigres UANL,1.51,1.93,2.3,3.17,2.7,0.38798730734360837,0.28150498640072524,0.33050770625566633,1.01,8.9,1.24,3.85,1.82,1.88,3.05,1.31,5.4,1.14,1.65,2.14,1.47,1.25,1.44,42,93,73,42,31,16,2.5494505494505493,0.5494505494505494,2.19,3.44,1.37,1.68,0,0,0,0,0,0
8282931,2025-10-23 06:30:00,1761181200,incomplete,14,2025/2026,2025-10-23,15234,1427,Querétaro,1431,Guadalajara,0.92,1.47,4.2,3.29,1.73,0.21256960602337194,0.27136545449792165,0.5160649394787066,1.02,8.3,1.36,3.23,1.76,1.94,3.5,1.28,6.85,1.1,2.01,1.77,1.23,1.29,1.13,46,96,77,58,35,15,2.5681818181818183,0.5681818181818182,2.31,2.39,1.49,1.81,0,0,0,0,0,0
8341547,2025-10-23 08:00:00,1761186600,incomplete,0,2025,2025-10-23,13973,20,Portland Timbers,14,Real Salt Lake,1.47,1.5,2.0,3.57,2.94,0.4463297017324522,0.2500446508305054,0.3036256474370423,1.04,10.0,1.2,5.0,1.6,2.35,2.3,1.55,4.33,1.21,1.57,2.3,1.22,1.29,1.67,68,100,79,53,30,12,2.625,0.625,2.24,2.9699999999999998,1.36,1.66,0,0,0,0,0,0
8282882,2025-10-23 08:30:00,1761188400,incomplete,14,2025/2026,2025-10-23,15234,1421,Atlas,1434,León,1.07,1.31,2.53,3.26,2.39,0.35277711118858646,0.2737810096034122,0.3734418792080015,1.04,13.5,1.16,4.1,1.65,2.25,2.5,1.48,4.3,1.2,1.54,2.38,1.54,1.27,1.35,54,96,81,58,50,31,2.606060606060606,0.6060606060606061,2.27,2.38,1.44,1.69,0,0,0,0,0,0
8282926,2025-10-23 08:30:00,1761188400,incomplete,14,2025/2026,2025-10-23,15234,1418,Tijuana,1424,Toluca,1.31,1.87,3.26,3.7,1.84,0.2737610783162568,0.24120570684081002,0.4850332148429332,1.04,10.0,1.1,5.87,1.6,2.35,1.98,1.73,3.5,1.28,1.44,2.6,1.85,1.22,1.3,62,100,89,66,58,27,2.625,0.625,2.27,3.18,1.53,1.81,0,0,0,0,0,0
8282942,2025-10-23 08:35:00,1761188700,incomplete,14,2025/2026,2025-10-23,15234,1422,Pumas UNAM,1449,Atlético San Luis,1.27,1.24,1.73,3.74,3.66,0.5167305891945762,0.23902243831727718,0.24424697248814664,1.0,11.3,1.25,3.9,1.77,1.93,2.7,1.39,5.77,1.14,1.8,2.05,1.21,1.25,1.97,66,96,81,50,31,23,2.5649717514124295,0.5649717514124294,2.19,2.51,1.37,2.08,0,0,0,0,0,0
7992292,2025-10-23 18:30:00,1761224400,incomplete,26,2025,2025-10-23,14186,699766,Xorazm,9048,Pakhtakor,1.48,1.29,7.5,5.1,1.33,0.12330933682373474,0.18133726003490405,0.6953534031413613,1.0,9.3,1.26,3.22,1.55,2.3,3.2,1.26,6.25,1.06,2.12,1.61,1.18,0.0,1.03,46,88,75,46,29,13,2.6451612903225805,0.6451612903225806,2.21,2.77,0.0,0.0,0,0,0,0,0,0
7992295,2025-10-23 19:00:00,1761226200,incomplete,26,2025,2025-10-23,14186,671154,Buxoro,671159,Sogdiana,1.43,1.55,2.35,3.35,2.8,0.3935801951117172,0.2760935697052344,0.3303262351830484,1.01,9.6,1.23,3.42,1.72,2.0,2.97,1.3,5.65,1.08,1.64,2.1,1.29,0.0,1.47,59,96,84,50,34,13,2.5813953488372094,0.5813953488372093,2.16,2.98,0.0,0.0,0,0,0,0,0,0
8198038,2025-10-23 20:25:00,1761231300,incomplete,6,2025/2026,2025-10-23,15741,5088,Al Riyadh,5125,Al Kholood,0.87,0.97,2.5,3.0,2.59,0.35732352264888484,0.297769602207404,0.3449068751437112,1.01,8.5,1.27,3.52,1.91,1.88,3.19,1.32,5.4,1.12,1.7,2.1,1.4,1.25,1.37,84,100,100,84,25,25,2.5235602094240837,0.5235602094240838,2.34,1.8399999999999999,1.55,1.75,0,0,0,0,0,0
8198028,2025-10-23 20:30:00,1761231600,incomplete,6,2025/2026,2025-10-23,15741,5071,Al Feiha,5074,Al Taawon,0.83,1.11,2.75,3.2,2.5,0.337909186906019,0.29039070749736007,0.3717001055966209,1.03,7.3,1.38,2.74,2.15,1.67,3.82,1.19,7.4,1.03,1.92,1.84,1.27,1.31,1.37,50,75,50,25,25,25,2.4651162790697674,0.46511627906976744,2.25,1.94,1.5,1.88,0,0,0,0,0,0
8286069,2025-10-23 21:00:00,1761233400,incomplete,32,2025,2025-10-23,14291,1254,Hegelmann Litauen,1247,Džiugas Telšiai,1.57,1.34,1.52,3.59,6.2,0.599319310263121,0.2537507943175331,0.14692989541934579,1.02,10.0,1.22,4.2,1.76,1.94,2.66,1.45,4.3,1.17,1.67,2.0,1.18,0.0,2.4,41,97,66,44,19,13,2.5681818181818183,0.5681818181818182,2.28,2.91,0.0,0.0,0,0,0,0,0,0
8336779,2025-10-23 21:00:00,1761233400,incomplete,2,2025/2026,2025-10-23,16004,679664,HJK U19,678201,Trabzonspor U19,1.56,0.0,0.0,0.0,0.0,,,,0.0,0.0,0.0,0.0,0.0,0.0,0.0,0.0,0.0,0.0,0.0,0.0,0.0,0.0,0.0,25,50,50,25,25,0,2.5,,2.25,,0.0,0.0,0,0,0,0,0,0
8151927,2025-10-23 21:30:00,1761235200,incomplete,10,2025/2026,2025-10-23,15593,1324,ES Mostaganem,1292,CR Belouizdad,1.58,1.09,0.0,0.0,0.0,,,,0.0,0.0,0.0,0.0,0.0,0.0,0.0,0.0,0.0,0.0,0.0,0.0,0.0,0.0,0.0,63,100,75,0,0,0,2.5,,2.5,2.67,0.0,0.0,0,0,0,0,0,0
8151928,2025-10-23 21:30:00,1761235200,incomplete,10,2025/2026,2025-10-23,15593,1283,Paradou AC,666696,USM Khenchela,0.99,1.24,0.0,0.0,0.0,,,,0.0,0.0,0.0,0.0,0.0,0.0,0.0,0.0,0.0,0.0,0.0,0.0,0.0,0.0,0.0,63,88,63,38,0,0,2.5,,2.25,2.23,0.0,0.0,0,0,0,0,0,0
8151929,2025-10-23 21:30:00,1761235200,incomplete,10,2025/2026,2025-10-23,15593,1297,JS Kabylie,666691,El Bayadh,1.63,0.79,0.0,0.0,0.0,,,,0.0,0.0,0.0,0.0,0.0,0.0,0.0,0.0,0.0,0.0,0.0,0.0,0.0,0.0,0.0,13,84,25,0,0,0,2.5,,2.5,2.42,0.0,0.0,0,0,0,0,0,0
8151930,2025-10-23 21:30:00,1761235200,incomplete,10,2025/2026,2025-10-23,15593,666709,Oued Akbou,666690,MB Rouisset,1.66,1.45,0.0,0.0,0.0,,,,0.0,0.0,0.0,0.0,0.0,0.0,0.0,0.0,0.0,0.0,0.0,0.0,0.0,0.0,0.0,48,100,60,13,0,0,2.5,,2.0300000000000002,3.11,0.0,0.0,0,0,0,0,0,0
8151931,2025-10-23 21:30:00,1761235200,incomplete,10,2025/2026,2025-10-23,15593,1298,MC Alger,1289,JS Saoura,1.61,1.35,0.0,0.0,0.0,,,,0.0,0.0,0.0,0.0,0.0,0.0,0.0,0.0,0.0,0.0,0.0,0.0,0.0,0.0,0.0,75,100,75,38,25,25,2.5,,2.13,2.96,0.0,0.0,0,0,0,0,0,0
8151932,2025-10-23 21:30:00,1761235200,incomplete,10,2025/2026,2025-10-23,15593,697832,Ben Aknoun,1291,ES Sétif,1.41,1.67,0.0,0.0,0.0,,,,0.0,0.0,0.0,0.0,0.0,0.0,0.0,0.0,0.0,0.0,0.0,0.0,0.0,0.0,0.0,50,100,63,13,0,0,2.5,,2.0,3.08,0.0,0.0,0,0,0,0,0,0
8151933,2025-10-23 21:30:00,1761235200,incomplete,10,2025/2026,2025-10-23,15593,1296,USM Alger,1305,ASO Chlef,1.52,1.02,0.0,0.0,0.0,,,,0.0,0.0,0.0,0.0,0.0,0.0,0.0,0.0,0.0,0.0,0.0,0.0,0.0,0.0,0.0,54,74,54,10,10,0,2.5,,2.06,2.54,0.0,0.0,0,0,0,0,0,0
8151934,2025-10-23 21:30:00,1761235200,incomplete,10,2025/2026,2025-10-23,15593,1286,MC Oran,1293,CS Constantine,1.58,0.95,0.0,0.0,0.0,,,,0.0,0.0,0.0,0.0,0.0,0.0,0.0,0.0,0.0,0.0,0.0,0.0,0.0,0.0,0.0,50,90,80,40,20,0,2.5,,2.1,2.5300000000000002,0.0,0.0,0,0,0,0,0,0
8269785,2025-10-23 21:30:00,1761235200,incomplete,32,2025,2025-10-23,14291,1230,Sūduva,1237,Dainava,1.32,1.15,1.58,3.45,5.6,0.5746750349504743,0.26318450875992744,0.16214045628959814,1.0,10.3,1.22,3.5,1.78,1.92,2.92,1.31,5.45,1.08,1.91,1.76,1.16,0.0,2.48,55,90,74,49,32,10,2.561797752808989,0.5617977528089888,2.25,2.4699999999999998,0.0,0.0,0,0,0,0,0,0
8252374,2025-10-23 22:15:00,1761237900,incomplete,3,2025/2026,2025-10-23,15002,100,Salzburg,119,Ferencváros,1.34,1.09,1.65,4.0,5.2,0.5780989438576987,0.2384658143413007,0.18343524180100051,1.05,9.5,1.22,3.76,1.83,1.97,2.88,1.4,5.5,1.14,1.7,2.17,1.29,0.0,1.86,25,100,50,0,0,0,2.5464480874316937,0.5464480874316939,2.5,2.43,1.56,2.2,0,0,0,0,0,0
8252381,2025-10-23 22:15:00,1761237900,incomplete,3,2025/2026,2025-10-23,15002,366,Go Ahead Eagles,158,Aston Villa,1.56,1.06,5.1,4.2,1.6,0.18512396694214878,0.22479338842975205,0.5900826446280991,1.03,17.5,1.17,5.0,1.5,2.48,2.35,1.6,3.86,1.22,1.66,2.2,1.15,0.0,1.08,25,100,50,25,0,0,2.6666666666666665,0.6666666666666666,2.25,2.62,1.49,2.01,0,0,0,0,0,0
8252387,2025-10-23 22:15:00,1761237900,incomplete,3,2025/2026,2025-10-23,15002,57,Olympique Lyonnais,79,Basel,1.44,1.39,1.55,4.05,6.1,0.6109428129829985,0.2338176197836167,0.15523956723338486,1.03,11.0,1.15,4.85,1.52,2.43,2.35,1.6,3.76,1.22,1.57,2.3,1.22,0.0,2.3,25,100,75,25,0,0,2.6578947368421053,0.6578947368421053,2.0,2.83,1.47,1.95,0,0,0,0,0,0
8252397,2025-10-23 22:15:00,1761237900,incomplete,3,2025/2026,2025-10-23,15002,336,Brann,24,Rangers,1.47,1.6,2.2,3.45,3.25,0.4320393025720065,0.27550332337925054,0.2924573740487429,1.0,13.7,1.25,4.0,1.7,2.15,2.77,1.4,5.0,1.17,1.65,2.15,1.3,0.0,1.67,42,100,59,50,9,0,2.588235294117647,0.5882352941176471,2.41,3.0700000000000003,1.26,1.5,0,0,0,0,0,0
8252410,2025-10-23 22:15:00,1761237900,incomplete,3,2025/2026,2025-10-23,15002,172,Sporting Braga,70,Red Star Belgrade,1.51,1.2,1.65,3.75,5.6,0.5764875437512867,0.25365451925056615,0.169857936998147,1.05,11.0,1.25,3.6,1.92,1.88,3.1,1.33,5.85,1.13,1.75,2.0,1.3,0.0,1.93,63,94,82,44,13,7,2.5208333333333335,0.5208333333333334,2.12,2.71,1.46,2.03,0,0,0,0,0,0
8252423,2025-10-23 22:15:00,1761237900,incomplete,3,2025/2026,2025-10-23,15002,105,Fenerbahçe,51,Stuttgart,1.4,2.52,2.6,3.3,2.75,0.3658536585365853,0.28824833702882485,0.3458980044345898,1.03,15.0,1.2,4.88,1.73,2.1,2.48,1.48,4.4,1.2,1.52,2.45,1.3,0.0,1.55,75,100,100,75,25,0,2.578034682080925,0.5780346820809249,2.25,3.92,1.52,1.87,0,0,0,0,0,0
8252451,2025-10-23 22:15:00,1761237900,incomplete,3,2025/2026,2025-10-23,15002,97,FCSB,467,Bologna,1.44,1.44,3.2,3.25,2.3,0.29621557360808404,0.2916584109371904,0.41212601545472566,1.06,10.0,1.3,3.3,1.95,1.85,3.4,1.3,5.95,1.1,1.91,1.89,1.25,0.0,1.15,50,100,67,34,25,9,2.5128205128205128,0.5128205128205129,2.17,2.88,1.71,2.04,0,0,0,0,0,0
8252468,2025-10-23 22:15:00,1761237900,incomplete,3,2025/2026,2025-10-23,15002,367,Feyenoord,960,Panathinaikos,1.4,1.74,1.7,3.7,5.2,0.5597905149839977,0.25720104742508,0.1830084375909223,1.04,14.0,1.21,4.16,1.73,2.1,2.76,1.4,5.25,1.12,1.8,1.95,1.25,0.0,2.2,25,75,50,25,9,9,2.578034682080925,0.5780346820809249,2.25,3.1399999999999997,1.46,1.86,0,0,0,0,0,0
8252478,2025-10-23 22:15:00,1761237900,incomplete,3,2025/2026,2025-10-23,15002,533,KRC Genk,284,Real Betis,1.78,1.2,3.1,3.3,2.35,0.3068856351404828,0.2882865057380293,0.4048278591214879,1.05,13.4,1.23,4.11,1.92,1.88,2.86,1.38,5.0,1.16,1.62,2.25,1.3,0.0,1.4,50,100,75,50,38,13,2.5208333333333335,0.5208333333333334,2.25,2.98,1.58,1.96,0,0,0,0,0,0
8252525,2025-10-23 22:15:00,1761237900,incomplete,2,2025/2026,2025-10-23,14904,1101,AEK Athens,25,Aberdeen,1.57,1.26,1.3,5.0,8.0,0.70298769771529,0.18277680140597544,0.11423550087873463,1.03,16.0,1.15,4.3,1.63,2.33,2.38,1.47,4.05,1.16,1.85,1.84,1.06,0.0,2.98,79,93,86,72,72,50,2.6134969325153374,0.6134969325153374,2.36,2.83,1.54,1.87,0,0,0,0,0,0
8252533,2025-10-23 22:15:00,1761237900,incomplete,2,2025/2026,2025-10-23,14904,664,Häcken,291,Rayo Vallecano,1.42,2.09,4.1,3.45,1.76,0.22133926293150585,0.26304086319396347,0.5156198738745307,1.01,12.7,1.2,3.7,1.79,2.0,2.72,1.36,5.1,1.11,1.71,2.08,1.27,0.0,1.22,17,84,50,33,33,17,2.558659217877095,0.5586592178770949,2.33,3.51,1.5,1.78,0,0,0,0,0,0
8252537,2025-10-23 22:15:00,1761237900,incomplete,2,2025/2026,2025-10-23,14904,3803,Breidablik,411,KuPS,1.87,1.0,2.15,3.7,2.9,0.4305778491171749,0.2502006420545746,0.3192215088282504,1.03,11.0,1.21,4.75,1.64,2.36,2.38,1.43,4.25,1.16,1.51,2.45,1.27,0.0,1.68,84,100,100,50,17,0,2.6097560975609757,0.6097560975609756,2.0,2.87,1.33,1.6,0,0,0,0,0,0
8252547,2025-10-23 22:15:00,1761237900,incomplete,2,2025/2026,2025-10-23,14904,6994,Drita,3741,Omonia Nicosia,1.19,1.68,3.8,3.5,2.0,0.25089605734767023,0.27240143369175623,0.4767025089605735,0.0,0.0,0.0,0.0,1.8,2.0,0.0,0.0,0.0,0.0,0.0,0.0,0.0,0.0,0.0,41,100,62,45,22,7,2.5555555555555554,0.5555555555555556,2.33,2.87,0.0,0.0,0,0,0,0,0,0
8252552,2025-10-23 22:15:00,1761237900,incomplete,2,2025/2026,2025-10-23,14904,1215,Rijeka,86,Sparta Praha,0.4,1.77,3.3,3.15,2.05,0.27342013337567483,0.2864401397268974,0.4401397268974278,1.01,10.2,1.24,3.38,1.94,1.9,3.21,1.27,6.14,1.12,1.72,2.01,1.79,0.0,1.27,29,100,43,36,22,15,2.515463917525773,0.5154639175257733,2.43,2.17,1.58,1.96,0,0,0,0,0,0
8252573,2025-10-23 22:15:00,1761237900,incomplete,2,2025/2026,2025-10-23,14904,5411,Shkendija,2061,Shelbourne,0.28,1.17,2.2,3.4,3.25,0.43029595015576316,0.27842679127725856,0.29127725856697817,1.07,7.7,1.35,2.89,2.14,1.74,3.54,1.22,6.75,1.04,1.92,1.87,1.33,0.0,1.67,17,84,84,17,17,0,2.467289719626168,0.4672897196261682,1.83,1.45,1.92,2.48,0,0,0,0,0,0
8252589,2025-10-23 22:15:00,1761237900,incomplete,2,2025/2026,2025-10-23,14904,480,Strasbourg,1224,Jagiellonia Białystok,1.34,1.59,1.46,4.2,6.5,0.6360374633055309,0.2210987372443036,0.14286379945016542,1.01,15.5,1.15,4.25,1.64,2.31,2.39,1.55,4.15,1.16,1.72,2.0,1.08,0.0,2.59,62,84,69,62,31,17,2.6097560975609757,0.6097560975609756,2.43,2.93,1.6,1.93,0,0,0,0,0,0
8252602,2025-10-23 22:15:00,1761237900,incomplete,2,2025/2026,2025-10-23,14904,80,Shakhtar Donetsk,112,Legia Warszawa,2.1,1.63,1.72,3.35,4.15,0.5187016136554427,0.2663184404439884,0.21497994590056896,1.02,13.5,1.23,3.76,1.79,1.96,2.76,1.4,5.1,1.1,1.69,2.02,1.1,0.0,2.06,84,100,84,67,33,33,2.558659217877095,0.5586592178770949,2.33,3.73,1.62,2.47,0,0,0,0,0,0
8252610,2025-10-23 22:15:00,1761237900,incomplete,2,2025/2026,2025-10-23,14904,583,Rapid Wien,471,Fiorentina,2.05,1.51,3.45,3.55,2.01,0.2711313764605301,0.26349387289826165,0.46537475064120837,1.0,11.6,1.25,3.62,1.78,2.0,2.95,1.33,5.3,1.14,1.65,2.11,1.8,0.0,1.2,52,100,100,69,45,31,2.561797752808989,0.5617977528089888,2.19,3.5599999999999996,1.6,2.26,0,0,0,0,0,0
8197963,2025-10-23 23:30:00,1761242400,incomplete,6,2025/2026,2025-10-23,15741,5106,Al Najma,5062,Al Ahli,1.3,1.6,9.1,5.75,1.28,0.10317805223388894,0.16329048266580684,0.7335314651003042,1.01,15.0,1.13,4.72,1.48,2.48,2.27,1.6,3.8,1.24,2.0,1.86,3.28,0.0,1.07,25,75,50,25,0,0,2.6756756756756754,0.6756756756756757,2.25,2.9000000000000004,1.42,1.75,0,0,0,0,0,0
8216698,2025-10-24 00:30:00,1761246000,incomplete,14,2025/2026,2025-10-23,14934,268,Exeter City,264,Plymouth Argyle,1.34,1.14,2.47,3.21,2.47,0.3610798650168729,0.2778402699662542,0.3610798650168729,1.0,9.3,1.2,3.93,1.85,1.85,2.8,1.34,5.54,1.1,1.62,2.17,1.25,0.0,1.36,45,100,92,65,49,29,2.5405405405405403,0.5405405405405405,2.23,2.48,1.31,1.47,0,0,0,0,0,0
8252395,2025-10-24 00:30:00,1761246000,incomplete,3,2025/2026,2025-10-23,15002,113,Roma,77,Viktoria Plzeň,1.83,1.42,1.47,4.5,6.7,0.6468013901403012,0.2112884541124984,0.1419101557472004,1.03,15.0,1.17,4.93,1.67,2.2,2.4,1.55,4.0,1.22,1.81,1.91,1.08,0.0,3.0,50,100,75,50,0,0,2.5988023952095807,0.5988023952095809,2.25,3.25,1.46,2.3,0,0,0,0,0,0
8252396,2025-10-24 00:30:00,1761246000,incomplete,3,2025/2026,2025-10-23,15002,42,Freiburg,376,Utrecht,1.51,1.37,1.7,3.5,5.6,0.5588822355289421,0.27145708582834327,0.16966067864271456,1.01,15.0,1.2,4.5,1.73,2.1,2.69,1.44,4.89,1.17,1.73,2.05,1.25,0.0,2.3,75,94,82,50,19,7,2.578034682080925,0.5780346820809249,2.18,2.88,1.54,2.01,0,0,0,0,0,0
8252416,2025-10-24 00:30:00,1761246000,incomplete,3,2025/2026,2025-10-23,15002,94,Young Boys,111,Ludogorets,1.45,2.08,2.0,3.25,4.1,0.47546833184656556,0.29259589652096346,0.23193577163247103,1.04,12.0,1.22,3.86,1.92,1.88,2.85,1.38,5.25,1.14,1.69,2.1,1.29,0.0,2.01,63,100,88,63,38,38,2.5208333333333335,0.5208333333333334,2.25,3.5300000000000002,1.56,2.21,0,0,0,0,0,0
8252439,2025-10-24 00:30:00,1761246000,incomplete,3,2025/2026,2025-10-23,15002,23,Celtic,582,Sturm Graz,1.21,1.59,1.53,3.85,7.2,0.6211555914086921,0.24684884541696075,0.1319955631743471,1.04,10.0,1.21,4.2,1.73,2.1,2.63,1.44,4.65,1.18,1.73,2.05,1.24,0.0,2.43,50,100,100,25,0,0,2.578034682080925,0.5780346820809249,1.75,2.8,1.28,1.72,0,0,0,0,0,0
8252442,2025-10-24 00:30:00,1761246000,incomplete,3,2025/2026,2025-10-23,15002,281,Celta de Vigo,445,Nice,1.29,0.96,2.25,3.3,3.3,0.423076923076923,0.28846153846153844,0.28846153846153844,1.05,11.0,1.25,3.98,1.78,2.05,2.9,1.36,5.25,1.13,1.7,2.05,1.3,0.0,1.85,100,100,100,100,25,0,2.561797752808989,0.5617977528089888,2.5,2.25,1.63,2.32,0,0,0,0,0,0
8252483,2025-10-24 00:30:00,1761246000,incomplete,3,2025/2026,2025-10-23,15002,441,Lille,106,PAOK,1.52,1.47,1.9,3.3,4.4,0.49811320754716976,0.28679245283018867,0.2150943396226415,1.0,13.0,1.25,4.0,1.73,2.1,3.1,1.35,5.15,1.13,1.85,1.95,1.25,0.0,2.2,34,84,42,42,17,9,2.578034682080925,0.5780346820809249,2.5,2.99,1.67,2.52,0,0,0,0,0,0
8252487,2025-10-24 00:30:00,1761246000,incomplete,3,2025/2026,2025-10-23,15002,956,Maccabi Tel Aviv,955,Midtjylland,1.31,1.94,2.75,3.2,2.65,0.3451714663681693,0.2966317289101455,0.3581968047216852,1.05,11.0,1.22,3.98,1.9,1.9,3.0,1.36,5.75,1.13,1.67,2.1,1.3,0.0,1.36,59,92,84,59,44,7,2.526315789473684,0.5263157894736842,2.25,3.25,1.51,1.8,0,0,0,0,0,0
8252494,2025-10-24 00:30:00,1761246000,incomplete,3,2025/2026,2025-10-23,15002,656,Malmö FF,122,Dinamo Zagreb,1.27,1.12,2.4,3.55,2.8,0.3947577442414615,0.266878474980143,0.3383637807783956,1.02,8.3,1.3,3.3,1.83,1.97,3.5,1.29,6.1,1.1,1.75,1.95,1.33,0.0,1.36,63,100,100,88,50,0,2.5464480874316937,0.5464480874316939,2.38,2.39,1.48,2.02,0,0,0,0,0,0
8252498,2025-10-24 00:30:00,1761246000,incomplete,3,2025/2026,2025-10-23,15002,211,Nottingham Forest,82,Porto,2.08,1.55,1.9,3.55,4.05,0.49891558948555564,0.2670252450767763,0.2340591654376681,1.05,10.0,1.25,3.72,1.73,2.1,3.3,1.3,6.44,1.11,1.67,2.18,1.4,0.0,1.57,75,100,75,75,50,25,2.578034682080925,0.5780346820809249,2.5,3.63,1.65,2.32,0,0,0,0,0,0
8252518,2025-10-24 00:30:00,1761246000,incomplete,2,2025/2026,2025-10-23,14904,34,Mainz 05,91,Zrinjski,1.93,2.57,1.21,6.4,13.0,0.7799463786864652,0.14745861222040985,0.07259500909312484,1.01,17.0,1.17,4.9,1.55,2.38,2.31,1.62,4.21,1.21,2.0,1.66,1.11,0.0,3.8,34,100,84,84,67,67,2.6451612903225805,0.6451612903225806,2.5,4.5,1.67,1.93,0,0,0,0,0,0
8252531,2025-10-24 00:30:00,1761246000,incomplete,2,2025/2026,2025-10-23,14904,378,AZ,982,Slovan Bratislava,1.77,2.39,1.29,5.0,9.0,0.7136060894386299,0.18411037107516653,0.10228353948620363,1.02,17.5,1.09,5.3,1.42,2.67,2.19,1.69,3.54,1.22,1.77,1.94,1.15,0.0,3.48,65,100,93,86,29,22,2.704225352112676,0.7042253521126761,2.43,4.16,1.43,1.77,0,0,0,0,0,0
8252532,2025-10-24 00:30:00,1761246000,incomplete,2,2025/2026,2025-10-23,14904,143,Crystal Palace,3735,AEK Larnaca,1.8,2.71,1.16,7.5,18.0,0.8202697776157493,0.1268683922712359,0.05286183011301495,1.01,16.5,1.16,5.0,1.46,2.39,2.27,1.64,3.95,1.25,2.33,1.54,1.1,0.0,5.45,0,84,67,50,50,0,2.684931506849315,0.684931506849315,2.33,4.51,1.66,2.49,0,0,0,0,0,0
8252558,2025-10-24 00:30:00,1761246000,incomplete,2,2025/2026,2025-10-23,14904,2484,Hamrun Spartans,895,Lausanne Sport,1.22,1.96,5.88,4.6,1.44,0.15719330219842806,0.20093404715799068,0.6418726506435812,1.04,13.5,1.19,3.85,1.74,2.05,2.8,1.36,5.0,1.11,1.85,1.85,1.2,0.0,1.11,38,100,60,45,31,7,2.574712643678161,0.5747126436781609,2.35,3.1799999999999997,2.43,3.3,0,0,0,0,0,0
8252580,2025-10-24 00:30:00,1761246000,incomplete,2,2025/2026,2025-10-23,14904,103,Lincoln Red Imps,961,Lech Poznań,0.86,1.99,7.7,5.4,1.25,0.11646967474764902,0.16607712880683287,0.7174531964455181,1.02,11.0,1.1,5.15,1.48,2.45,2.23,1.66,3.62,1.25,1.93,1.78,1.12,0.0,1.01,50,100,100,100,100,100,2.6756756756756754,0.6756756756756757,2.5,2.85,1.46,1.95,0,0,0,0,0,0
8252596,2025-10-24 00:30:00,1761246000,incomplete,2,2025/2026,2025-10-23,14904,350,Samsunspor,123,Dynamo Kyiv,0.66,0.93,1.93,3.3,3.8,0.4778417101703311,0.27946500019052695,0.2426932896391418,1.06,8.5,1.27,3.62,2.05,1.76,3.18,1.34,5.9,1.07,1.76,1.96,1.3,0.0,1.82,0,100,50,0,0,0,2.4878048780487805,0.48780487804878053,2.5,1.59,1.55,1.97,0,0,0,0,0,0
8252604,2025-10-24 00:30:00,1761246000,incomplete,2,2025/2026,2025-10-23,14904,2056,Shamrock Rovers,1970,Celje,1.05,1.82,3.4,3.4,2.0,0.27027027027027023,0.27027027027027023,0.45945945945945943,1.01,9.0,1.31,3.38,1.95,1.86,3.18,1.32,6.35,1.11,1.74,2.0,1.3,0.0,1.29,35,86,69,59,52,27,2.5128205128205128,0.5128205128205129,2.4,2.87,1.7,2.0,0,0,0,0,0,0
8252614,2025-10-24 00:30:00,1761246000,incomplete,2,2025/2026,2025-10-23,14904,2431,Sigma Olomouc,802,Raków Częstochowa,0.98,1.78,2.83,3.26,2.53,0.3348204680617858,0.29065703209044597,0.3745224998477683,1.02,7.8,1.33,2.99,2.07,1.79,3.38,1.24,6.4,1.11,1.77,1.94,1.52,0.0,1.43,15,100,86,22,7,0,2.4830917874396135,0.48309178743961356,1.8599999999999999,2.76,1.57,1.92,0,0,0,0,0,0
8252620,2025-10-24 00:30:00,1761246000,incomplete,2,2025/2026,2025-10-23,14904,12956,CS U Craiova,1360,Artsakh,1.4,1.43,2.1,3.25,3.2,0.43432866986844854,0.2806431405303822,0.2850281896011694,1.0,9.0,1.28,3.12,2.07,1.79,3.44,1.27,7.1,1.08,1.8,1.91,1.32,0.0,1.79,62,100,84,77,55,41,2.4830917874396135,0.48309178743961356,2.43,2.83,1.45,1.74,0,0,0,0,0,0
7998190,2025-10-24 14:00:00,1761294600,incomplete,10,2025/2026,2025-10-24,15283,7877,PSBS Biak Numfor,7039,Persebaya Surabaya,1.06,0.93,4.0,3.62,1.72,0.22570542006205954,0.2493982542122205,0.5248963257257199,1.0,9.2,1.25,3.28,1.89,1.82,3.2,1.26,6.4,1.05,1.88,1.9,1.12,0.0,1.07,37,90,47,30,10,0,2.5291005291005293,0.5291005291005292,2.33,1.9900000000000002,0.0,0.0,0,0,0,0,0,0
8266468,2025-10-24 14:05:00,1761294900,incomplete,2,2025/2026,2025-10-24,16036,605,Newcastle Jets FC,607,Melbourne Victory FC,0.0,0.0,3.3,3.95,2.02,0.28825867052023124,0.2408236994219653,0.47091763005780346,1.02,20.0,1.15,5.25,1.5,2.4,2.3,1.62,3.54,1.24,1.44,2.64,1.22,0.0,1.34,0,0,0,0,0,0,2.6666666666666665,0.6666666666666666,2.5,,1.27,1.45,0,0,0,0,0,0
8232661,2025-10-24 16:00:00,1761301800,incomplete,9,2025/2026,2025-10-24,15377,3059,Karvan FK,3043,Turan,0.72,0.99,0.0,0.0,0.0,,,,0.0,0.0,0.0,0.0,0.0,0.0,0.0,0.0,0.0,0.0,0.0,0.0,0.0,0.0,0.0,13,100,75,25,0,0,2.5,,2.0,1.71,0.0,0.0,0,0,0,0,0,0
8006749,2025-10-24 17:00:00,1761305400,incomplete,6,2025,2025-10-24,15327,1510,Balestier Khalsa,1521,Tanjong Pagar,1.15,0.9,0.0,0.0,0.0,,,,0.0,0.0,0.0,0.0,0.0,0.0,0.0,0.0,0.0,0.0,0.0,0.0,0.0,0.0,0.0,50,100,100,100,50,50,2.5,,2.5,2.05,0.0,0.0,0,0,0,0,0,0
8281969,2025-10-24 17:00:00,1761305400,incomplete,11,2025/2026,2025-10-24,15373,96,Alashkert,671668,Van,1.84,1.27,0.0,0.0,0.0,,,,0.0,0.0,0.0,0.0,0.0,0.0,0.0,0.0,0.0,0.0,0.0,0.0,0.0,0.0,0.0,40,90,70,40,10,10,2.5,,2.2,3.1100000000000003,0.0,0.0,0,0,0,0,0,0
8309429,2025-10-24 17:05:00,1761305700,incomplete,28,2025,2025-10-24,14153,672253,Wuhan Three Towns,672294,Sichuan Jiuniu,1.74,0.96,0.0,0.0,0.0,,,,1.01,13.0,1.14,4.33,1.62,2.31,2.61,1.52,4.05,1.18,1.53,2.3,1.27,0.0,1.74,50,92,77,66,46,15,2.617283950617284,0.6172839506172839,2.39,2.7,1.41,1.98,0,0,0,0,0,0
8309431,2025-10-24 17:05:00,1761305700,incomplete,28,2025,2025-10-24,14153,943,Meizhou Hakka,979059,Yunnan Yukun,1.55,1.28,2.4,4.0,2.6,0.39634146341463417,0.23780487804878048,0.3658536585365853,1.01,18.0,1.07,5.75,1.36,2.78,2.15,1.7,2.97,1.3,1.42,2.55,1.09,0.0,2.1,73,93,85,77,58,23,2.735294117647059,0.7352941176470588,2.42,2.83,1.38,1.61,0,0,0,0,0,0
7998191,2025-10-24 17:30:00,1761307200,incomplete,10,2025/2026,2025-10-24,15283,1541,Madura United,1542,Persija,1.46,1.99,3.75,3.3,1.93,0.24513596212689795,0.2785635933260204,0.47630044454708154,1.02,9.0,1.27,3.7,1.8,2.01,2.88,1.32,5.5,1.08,1.71,2.1,1.29,0.0,1.14,64,84,84,57,30,0,2.5555555555555554,0.5555555555555556,2.23,3.45,0.0,0.0,0,0,0,0,0,0
8255737,2025-10-24 17:30:00,1761307200,incomplete,13,2025/2026,2025-10-24,15056,3612,Montana,9985,Arda,1.36,1.35,3.41,3.13,1.97,0.2617512342351138,0.28516668010918156,0.4530820856557047,1.03,7.7,1.36,2.71,2.3,1.62,4.28,1.16,8.7,1.01,2.02,1.7,1.3,0.0,1.19,25,92,74,37,19,10,2.4347826086956523,0.4347826086956522,2.13,2.71,1.86,2.96,0,0,0,0,0,0
8259337,2025-10-24 17:30:00,1761307200,incomplete,9,2025/2026,2025-10-24,15140,1177,Port FC,1174,Muang Thong United,2.12,1.93,1.76,3.65,3.58,0.5066338913918378,0.2442946983149683,0.24907141029319396,1.0,9.3,1.25,3.68,1.75,2.03,2.2,1.6,5.25,1.09,1.69,2.11,1.23,0.0,1.64,63,100,100,63,50,13,2.571428571428571,0.5714285714285714,2.13,4.05,0.0,0.0,0,0,0,0,0,0
8232686,2025-10-24 18:30:00,1761310800,incomplete,9,2025/2026,2025-10-24,15377,908,Kapaz,3044,Mil Mugan FK,1.53,1.05,0.0,0.0,0.0,,,,0.0,0.0,0.0,0.0,0.0,0.0,0.0,0.0,0.0,0.0,0.0,0.0,0.0,0.0,0.0,25,100,84,42,25,25,2.5,,2.08,2.58,0.0,0.0,0,0,0,0,0,0
8242433,2025-10-24 18:30:00,1761310800,incomplete,8,2025/2026,2025-10-24,15566,871492,Chadormalu SC,20392,Kheybar Khorramabad,0.75,0.96,0.0,0.0,0.0,,,,0.0,0.0,0.0,0.0,0.0,0.0,0.0,0.0,0.0,0.0,0.0,0.0,0.0,0.0,0.0,13,75,13,0,0,0,2.5,,2.5,1.71,0.0,0.0,0,0,0,0,0,0
8242416,2025-10-24 19:00:00,1761312600,incomplete,8,2025/2026,2025-10-24,15566,9050,Persepolis,9045,Zob Ahan,1.07,0.64,0.0,0.0,0.0,,,,0.0,0.0,0.0,0.0,0.0,0.0,0.0,0.0,0.0,0.0,0.0,0.0,0.0,0.0,0.0,54,71,54,17,17,17,2.5,,2.13,1.71,0.0,0.0,0,0,0,0,0,0
8242431,2025-10-24 19:00:00,1761312600,incomplete,8,2025/2026,2025-10-24,15566,11503,Aluminium Arak,11502,Mes Rafsanjan,0.89,0.87,0.0,0.0,0.0,,,,0.0,0.0,0.0,0.0,0.0,0.0,0.0,0.0,0.0,0.0,0.0,0.0,0.0,0.0,0.0,13,100,54,13,13,13,2.5,,2.09,1.76,0.0,0.0,0,0,0,0,0,0
8242432,2025-10-24 19:00:00,1761312600,incomplete,8,2025/2026,2025-10-24,15566,11498,Malavan,9053,Esteghlal Khuzestan,0.91,0.87,0.0,0.0,0.0,,,,0.0,0.0,0.0,0.0,0.0,0.0,0.0,0.0,0.0,0.0,0.0,0.0,0.0,0.0,0.0,50,100,84,17,0,0,2.5,,1.83,1.78,0.0,0.0,0,0,0,0,0,0
7992294,2025-10-24 19:30:00,1761314400,incomplete,26,2025,2025-10-24,14186,671151,Qizilqum,671153,Dinamo Samarqand,1.36,1.52,0.0,0.0,0.0,,,,0.0,0.0,0.0,0.0,0.0,0.0,0.0,0.0,0.0,0.0,0.0,0.0,0.0,0.0,0.0,50,88,67,46,25,13,2.5,,2.29,2.88,0.0,0.0,0,0,0,0,0,0
8263449,2025-10-24 19:30:00,1761314400,incomplete,9,2025/2026,2025-10-24,15248,7767,Al Jazeera,7760,Shabab Al Ordon,1.21,1.27,0.0,0.0,0.0,,,,0.0,0.0,0.0,0.0,0.0,0.0,0.0,0.0,0.0,0.0,0.0,0.0,0.0,0.0,0.0,50,88,63,63,13,13,2.5,,2.5,2.48,0.0,0.0,0,0,0,0,0,0
8205684,2025-10-24 20:00:00,1761316200,incomplete,14,2025/2026,2025-10-24,15015,669561,Csikszereda,10307,Petrolul 52,1.46,1.01,2.96,2.96,2.25,0.30160857908847183,0.30160857908847183,0.3967828418230563,1.03,7.0,1.43,2.75,2.3,1.6,4.1,1.21,8.7,1.01,1.85,1.82,1.33,0.0,1.42,59,93,79,46,19,0,2.4347826086956523,0.4347826086956522,2.17,2.4699999999999998,1.46,1.77,0,0,0,0,0,0
8255732,2025-10-24 20:00:00,1761316200,incomplete,13,2025/2026,2025-10-24,15056,3644,Spartak Varna,3599,Botev Plovdiv,1.24,1.3,3.52,3.19,1.91,0.2533967702090672,0.2796102291962121,0.4669930005947207,1.01,8.3,1.3,3.35,1.95,1.75,3.4,1.29,6.05,1.11,1.78,1.93,1.27,0.0,1.24,84,92,92,75,19,0,2.5128205128205128,0.5128205128205129,2.33,2.54,1.42,1.94,0,0,0,0,0,0
8198039,2025-10-24 20:15:00,1761317100,incomplete,6,2025/2026,2025-10-24,15741,5064,Al Fateh,5065,Al Ittifaq,1.33,1.1,2.1,3.3,2.9,0.4236387782204515,0.2695883134130146,0.30677290836653387,1.04,11.9,1.2,3.94,1.66,2.2,2.56,1.48,4.6,1.13,1.57,2.28,1.22,0.0,1.53,75,100,75,75,50,25,2.602409638554217,0.6024096385542169,2.5,2.43,1.35,1.95,0,0,0,0,0,0
8281959,2025-10-24 20:30:00,1761318000,incomplete,11,2025/2026,2025-10-24,15373,884,Banants,883,Shirak,1.28,1.03,0.0,0.0,0.0,,,,0.0,0.0,0.0,0.0,0.0,0.0,0.0,0.0,0.0,0.0,0.0,0.0,0.0,0.0,0.0,50,90,70,50,40,30,2.5,,2.3,2.31,0.0,0.0,0,0,0,0,0,0
8197964,2025-10-24 21:00:00,1761319800,incomplete,6,2025/2026,2025-10-24,15741,5097,Neom SC,5077,Al Khaleej,1.63,1.21,2.0,3.3,3.1,0.44420321320017375,0.2692140686061659,0.2865827181936605,1.0,9.5,1.19,3.98,1.73,2.07,2.75,1.34,5.6,1.15,1.64,2.19,1.19,0.0,1.81,75,100,75,75,50,25,2.578034682080925,0.5780346820809249,2.5,2.84,1.38,1.95,0,0,0,0,0,0
8218256,2025-10-24 21:00:00,1761319800,incomplete,13,2025/2026,2025-10-24,15063,1971,Aluminij,1992,Bravo,1.32,1.87,4.2,3.85,1.8,0.226027397260274,0.2465753424657534,0.5273972602739727,1.04,9.0,1.25,3.8,1.75,2.1,2.65,1.35,5.15,1.11,1.58,2.04,1.23,0.0,1.25,75,100,92,83,50,33,2.571428571428571,0.5714285714285714,2.41,3.1900000000000004,0.0,0.0,0,0,0,0,0,0
8242434,2025-10-24 21:00:00,1761319800,incomplete,8,2025/2026,2025-10-24,15566,11480,Foolad,707725,Shams Azar Qazvin,0.7,1.19,0.0,0.0,0.0,,,,0.0,0.0,0.0,0.0,0.0,0.0,0.0,0.0,0.0,0.0,0.0,0.0,0.0,0.0,0.0,17,67,17,0,0,0,2.5,,2.5,1.89,0.0,0.0,0,0,0,0,0,0
7963421,2025-10-24 21:30:00,1761321600,incomplete,11,2025/2026,2025-10-24,15053,1875,Gorica,1863,Hajduk Split,1.41,1.81,4.6,3.3,1.71,0.19669559761581096,0.2741817421311304,0.5291226602530587,1.01,8.0,1.38,2.7,2.05,1.73,4.0,1.22,7.2,1.03,1.91,1.8,1.95,0.0,1.16,38,100,75,50,25,0,2.4878048780487805,0.48780487804878053,2.25,3.2199999999999998,0.0,0.0,0,0,0,0,0,0
8218008,2025-10-24 21:30:00,1761321600,incomplete,12,2025/2026,2025-10-24,15001,967,Sarajevo,3575,Sloga Doboj,1.74,0.7,1.29,4.9,8.2,0.7039366492054872,0.18532209744389355,0.11074125335061934,0.0,0.0,1.21,3.8,1.68,2.02,2.7,1.38,4.7,1.14,2.12,1.62,1.05,0.0,3.0,40,90,70,30,10,10,2.5952380952380953,0.5952380952380952,2.1,2.44,0.0,0.0,0,0,0,0,0,0
8231607,2025-10-24 21:30:00,1761321600,incomplete,13,2025/2026,2025-10-24,15031,788,Nieciecza,1149,Zagłębie Lubin,1.5,1.47,2.17,3.45,2.71,0.4115694621137753,0.25887122689475145,0.32955931099147323,1.05,9.5,1.18,3.86,1.68,2.2,2.59,1.39,4.65,1.12,1.56,2.28,1.26,0.0,1.53,75,100,92,66,57,17,2.5952380952380953,0.5952380952380952,2.24,2.9699999999999998,1.17,1.32,0,0,0,0,0,0
7969354,2025-10-24 21:45:00,1761322500,incomplete,9,2025/2026,2025-10-24,15089,2485,Mosta,2508,Zabbar St. Patrick,1.39,1.75,0.0,0.0,0.0,,,,0.0,0.0,0.0,0.0,0.0,0.0,0.0,0.0,0.0,0.0,0.0,0.0,0.0,0.0,0.0,84,100,84,59,59,17,2.5,,2.25,3.1399999999999997,0.0,0.0,0,0,0,0,0,0
8227916,2025-10-24 22:00:00,1761323400,incomplete,10,2025/2026,2025-10-24,14931,544,Greuther Fürth,547,Karlsruher SC,1.17,1.61,2.42,3.58,2.65,0.38622188929961404,0.2610773665097949,0.35270074419059094,1.01,17.5,1.14,4.75,1.55,2.3,2.3,1.63,3.84,1.22,1.44,2.5,1.26,0.0,1.4,38,75,75,63,38,25,2.6451612903225805,0.6451612903225806,2.38,2.7800000000000002,1.3,1.92,0,0,0,0,0,0
8228030,2025-10-24 22:00:00,1761323400,incomplete,10,2025/2026,2025-10-24,14931,35,Schalke 04,48,Darmstadt 98,1.89,1.55,2.31,3.5,2.84,0.40430499402084163,0.26684129605375545,0.3288537099254029,1.04,13.9,1.22,4.15,1.68,2.2,2.65,1.46,4.88,1.18,1.58,2.26,1.41,0.0,1.61,50,100,63,50,13,0,2.5952380952380953,0.5952380952380952,2.37,3.44,1.4,1.9,0,0,0,0,0,0
8263458,2025-10-24 22:00:00,1761323400,incomplete,9,2025/2026,2025-10-24,15248,7783,Al Salt,7766,Al Ramtha,1.14,1.43,0.0,0.0,0.0,,,,0.0,0.0,0.0,0.0,0.0,0.0,0.0,0.0,0.0,0.0,0.0,0.0,0.0,0.0,0.0,38,75,63,25,0,0,2.5,,2.12,2.57,0.0,0.0,0,0,0,0,0,0
7963658,2025-10-24 22:30:00,1761325200,incomplete,13,2025/2026,2025-10-24,15055,2516,AGF,986,Nordsjælland,2.13,1.59,1.73,3.64,3.74,0.5160380576930367,0.24525984610136078,0.23870209620560248,1.03,10.0,1.14,4.5,1.6,2.35,2.54,1.44,4.4,1.2,1.6,2.26,1.24,0.0,1.89,59,92,75,75,42,34,2.625,0.625,2.5,3.7199999999999998,1.41,1.71,0,0,0,0,0,0
8205873,2025-10-24 22:30:00,1761325200,incomplete,12,2025/2026,2025-10-24,14977,557,Wehen Wiesbaden,6772,Alemannia Aachen,2.04,1.51,1.9,3.4,3.3,0.46847599164926934,0.2617954070981211,0.26972860125260967,1.04,11.9,1.18,3.88,1.7,2.04,2.8,1.37,4.7,1.11,1.56,2.19,1.27,0.0,1.73,70,90,80,60,50,40,2.588235294117647,0.5882352941176471,2.3,3.55,0.0,0.0,0,0,0,0,0,0
8218833,2025-10-24 22:30:00,1761325200,incomplete,28,2025,2025-10-24,13975,677,Örgryte,2911,Västerås SK,1.91,1.73,2.27,3.32,2.65,0.39364829372838356,0.2691510923986237,0.33720061387299277,1.04,11.0,1.17,4.55,1.53,2.2,2.2,1.6,4.1,1.22,1.5,2.5,1.29,0.0,1.4,50,93,89,70,42,23,2.65359477124183,0.6535947712418301,2.31,3.6399999999999997,1.28,1.48,0,0,0,0,0,0
8231820,2025-10-24 22:30:00,1761325200,incomplete,10,2025/2026,2025-10-24,14972,10659,Fatih Karagümrük,193,Kayserispor,1.17,1.37,2.3,3.4,2.97,0.40801648551456626,0.276011151965736,0.31597236251969774,1.05,9.5,1.25,3.62,1.86,2.06,2.76,1.42,4.95,1.11,1.61,2.15,1.29,0.0,1.52,48,100,90,23,23,10,2.5376344086021505,0.5376344086021505,1.83,2.54,1.38,1.62,0,0,0,0,0,0
8255738,2025-10-24 22:30:00,1761325200,incomplete,13,2025/2026,2025-10-24,15056,3629,Lokomotiv Sofia 1929,3606,Lokomotiv Plovdiv,1.32,1.39,2.34,3.03,2.76,0.3816643391111476,0.2947506777294011,0.3235849831594513,1.05,6.55,1.38,2.62,2.25,1.63,3.8,1.23,7.8,1.02,1.85,1.84,1.29,0.0,1.69,59,83,75,42,17,0,2.4444444444444446,0.4444444444444444,2.17,2.71,1.66,1.79,0,0,0,0,0,0
7955864,2025-10-24 23:00:00,1761327000,incomplete,11,2025/2026,2025-10-24,14974,1081,Stade Nyonnais,1074,Yverdon Sport,1.22,1.56,4.5,3.91,1.56,0.19858959582739152,0.22855580082436366,0.5728546033482448,1.02,12.8,1.18,4.2,1.58,2.25,2.43,1.44,4.3,1.14,1.66,2.07,1.18,0.0,1.11,70,90,80,80,20,10,2.632911392405063,0.6329113924050632,2.5,2.7800000000000002,0.0,0.0,0,0,0,0,0,0
7955909,2025-10-24 23:00:00,1761327000,incomplete,11,2025/2026,2025-10-24,14974,900,Neuchâtel Xamax,1049,Rapperswil-Jona,1.83,1.64,1.78,3.53,3.66,0.5023641029629053,0.2533167431371024,0.2443191538999922,1.03,11.8,1.16,4.22,1.67,2.08,2.38,1.41,4.1,1.13,1.62,2.21,1.25,0.0,1.79,78,100,88,45,35,13,2.5988023952095807,0.5988023952095809,2.07,3.4699999999999998,0.0,0.0,0,0,0,0,0,0
8205565,2025-10-24 23:00:00,1761327000,incomplete,14,2025/2026,2025-10-24,15015,6644,Argeș,5400,Dinamo Bucureşti,1.62,1.68,2.91,2.95,2.29,0.30701375665222985,0.30285085825694535,0.39013538509082485,1.08,7.0,1.37,3.01,2.3,1.63,3.8,1.23,7.3,1.03,1.85,1.8,1.53,0.0,1.35,38,100,62,45,23,0,2.4347826086956523,0.4347826086956522,2.33,3.3,1.45,1.72,0,0,0,0,0,0
8007526,2025-10-24 23:30:00,1761328800,incomplete,10,2025/2026,2025-10-24,14936,373,Heerenveen,385,NAC Breda,1.94,1.1,1.72,3.99,4.2,0.5433006535947713,0.23420479302832245,0.22249455337690632,1.04,17.0,1.18,4.92,1.63,2.3,2.32,1.57,4.27,1.19,1.57,2.41,1.25,0.0,2.16,75,100,100,78,33,10,2.6134969325153374,0.6134969325153374,2.28,3.04,1.44,1.9,0,0,0,0,0,0
8198048,2025-10-24 23:30:00,1761328800,incomplete,6,2025/2026,2025-10-24,15741,5070,Al Ittihad,5066,Al Hilal,1.33,1.85,3.29,3.94,1.89,0.27966034858960537,0.2335234890507111,0.48681616235968356,1.01,18.0,1.06,6.15,1.33,2.95,2.0,1.76,3.1,1.34,1.39,2.88,1.22,0.0,1.23,50,100,100,75,75,75,2.7518796992481205,0.7518796992481203,2.25,3.18,1.33,1.57,0,0,0,0,0,0
8206881,2025-10-24 23:30:00,1761328800,incomplete,11,2025/2026,2025-10-24,14954,436,Guingamp,490,Clermont,1.44,0.87,1.69,3.5,4.1,0.5276899316025594,0.25479885268809294,0.21751121570934767,1.01,9.5,1.22,3.65,1.78,1.92,2.89,1.32,5.4,1.09,1.78,2.05,1.26,0.0,2.17,60,90,70,70,60,20,2.561797752808989,0.5617977528089888,2.5,2.31,1.5,1.84,0,0,0,0,0,0
8206883,2025-10-24 23:30:00,1761328800,incomplete,11,2025/2026,2025-10-24,14954,1402,Pau,1390,Dunkerque,1.23,1.08,2.19,3.16,2.88,0.4075885419465793,0.2824743376148761,0.3099371204385446,1.02,9.0,1.3,3.3,1.87,1.83,3.3,1.27,6.0,1.1,1.76,1.99,1.28,0.0,1.64,35,88,65,45,23,0,2.53475935828877,0.53475935828877,2.3,2.31,1.36,1.6,0,0,0,0,0,0
8206884,2025-10-24 23:30:00,1761328800,incomplete,11,2025/2026,2025-10-24,14954,485,Red Star,1398,Grenoble Foot 38,1.62,0.99,1.79,3.29,3.9,0.499239332168662,0.2716226153744392,0.22913805245689878,1.06,8.0,1.36,3.1,2.0,1.8,3.44,1.25,7.5,1.11,1.85,1.85,1.29,0.0,2.01,78,100,78,55,35,10,2.5,0.5,2.27,2.6100000000000003,1.41,1.67,0,0,0,0,0,0
8206966,2025-10-24 23:30:00,1761328800,incomplete,11,2025/2026,2025-10-24,14954,451,Reims,486,Troyes,1.94,1.32,1.95,3.33,3.27,0.45831281487935155,0.2683813780825031,0.2733058070381454,1.05,9.0,1.28,3.3,1.82,1.88,3.25,1.29,6.25,1.08,1.7,2.02,1.28,0.0,1.69,50,88,63,50,50,25,2.5494505494505493,0.5494505494505494,2.37,3.26,1.33,1.55,0,0,0,0,0,0
8207016,2025-10-24 23:30:00,1761328800,incomplete,11,2025/2026,2025-10-24,14954,437,Bastia,487,Laval,1.56,0.88,1.96,2.97,3.65,0.4551829255491126,0.3003900788135558,0.2444269956373317,1.04,7.0,1.38,2.61,2.45,1.55,4.36,1.16,8.5,1.01,2.0,1.7,1.25,0.0,1.67,68,78,68,35,25,13,2.4081632653061225,0.4081632653061224,2.17,2.44,1.38,1.63,0,0,0,0,0,0
8207076,2025-10-24 23:30:00,1761328800,incomplete,11,2025/2026,2025-10-24,14954,3906,Le Mans,1392,Boulogne,1.34,1.98,1.85,3.25,3.69,0.4829551174918953,0.2749129130338482,0.24213196947425653,1.02,8.0,1.33,2.85,2.15,1.7,3.82,1.19,8.0,1.02,1.89,1.82,1.25,0.0,1.8,33,100,33,33,23,0,2.4651162790697674,0.46511627906976744,2.5,3.3200000000000003,1.47,1.76,0,0,0,0,0,0
7955889,2025-10-24 23:45:00,1761329700,incomplete,11,2025/2026,2025-10-24,14974,897,Aarau,899,Wil,1.64,1.5,1.54,3.91,4.7,0.5808815162281422,0.22878709334816857,0.19033139042368916,1.03,12.9,1.15,4.8,1.62,2.15,2.2,1.56,4.72,1.16,1.63,2.13,1.17,0.0,2.25,50,100,80,60,20,0,2.617283950617284,0.6172839506172839,2.3,3.1399999999999997,0.0,0.0,0,0,0,0,0,0
8173258,2025-10-25 00:00:00,1761330600,incomplete,9,2025/2026,2025-10-24,15632,517,Modena,459,Empoli,1.98,1.26,1.83,3.39,4.4,0.5113174754985139,0.2760209381009677,0.21266158640051833,1.02,8.3,1.33,2.9,2.05,1.77,3.82,1.26,8.0,1.07,1.88,1.77,1.3,0.0,2.1,59,100,100,75,34,0,2.4878048780487805,0.48780487804878053,2.25,3.24,1.37,1.61,0,0,0,0,0,0
8227648,2025-10-25 00:00:00,1761330600,incomplete,8,2025/2026,2025-10-24,14968,37,Werder Bremen,541,Union Berlin,1.49,1.13,2.02,3.58,3.38,0.46256058961146196,0.26099787458523827,0.2764415358032998,1.05,12.0,1.22,3.85,1.7,2.17,2.06,1.76,5.25,1.15,1.68,2.25,1.31,0.0,1.74,33,100,84,67,33,33,2.588235294117647,0.5882352941176471,2.33,2.62,1.47,1.75,0,0,0,0,0,0
8231561,2025-10-25 00:00:00,1761330600,incomplete,13,2025/2026,2025-10-24,15031,8265,Motor Lublin,1148,Widzew Łódź,1.65,1.66,2.68,3.21,2.29,0.3327569270604638,0.27781575218755233,0.3894273207519839,1.05,9.5,1.21,3.95,1.8,2.0,2.7,1.44,4.9,1.15,1.57,2.23,1.3,0.0,1.4,57,96,74,52,39,30,2.5555555555555554,0.5555555555555556,2.28,3.3099999999999996,1.22,1.4,0,0,0,0,0,0
7990295,2025-10-25 00:15:00,1761331500,incomplete,14,2025/2026,2025-10-24,15226,10062,Llanelli Town,69,The New Saints,1.23,1.71,56.0,20.0,1.0,0.016722408026755852,0.04682274247491639,0.9364548494983278,1.0,23.0,1.01,10.5,1.2,4.1,1.53,2.41,2.03,1.71,3.48,1.25,1.03,0.0,1.01,40,85,70,38,38,15,2.8333333333333335,0.8333333333333334,2.18,2.94,0.0,0.0,0,0,0,0,0,0
8206396,2025-10-25 00:15:00,1761331500,incomplete,9,2025/2026,2025-10-24,14932,494,Paris,440,Nantes,1.92,0.99,1.64,3.92,4.9,0.570430733410943,0.23864959254947612,0.19091967403958088,1.03,12.5,1.25,3.8,1.77,1.98,2.88,1.36,6.1,1.09,1.75,2.01,1.25,0.0,2.24,46,88,63,46,46,34,2.5649717514124295,0.5649717514124294,2.33,2.91,1.45,1.98,0,0,0,0,0,0
8210193,2025-10-25 00:15:00,1761331500,incomplete,12,2025/2026,2025-10-24,14937,529,Sporting Charleroi,61,RSC Anderlecht,1.26,1.37,2.85,3.2,2.19,0.31328371219741163,0.27901830617581974,0.4076979816267686,1.01,12.0,1.27,3.75,1.82,1.88,3.13,1.33,5.82,1.11,1.72,2.06,1.6,0.0,1.38,60,100,100,30,20,0,2.5494505494505493,0.5494505494505494,1.8,2.63,1.43,1.71,0,0,0,0,0,0
8238772,2025-10-25 00:15:00,1761331500,incomplete,8,2025/2026,2025-10-24,15068,461,AC Milan,507,Pisa,1.5,0.95,1.26,5.8,9.3,0.7392484170709646,0.16059534577748544,0.10015623715155003,1.03,11.0,1.2,4.6,1.6,2.3,2.56,1.49,4.4,1.17,2.2,1.71,1.17,0.0,3.39,71,100,88,71,34,17,2.625,0.625,2.33,2.45,1.5,1.82,0,0,0,0,0,0
7969387,2025-10-25 00:30:00,1761332400,incomplete,9,2025/2026,2025-10-24,15089,2486,Gzira United,2487,Tarxien Rainbows,0.0,1.05,0.0,0.0,0.0,,,,0.0,0.0,0.0,0.0,0.0,0.0,0.0,0.0,0.0,0.0,0.0,0.0,0.0,0.0,0.0,25,50,25,25,25,25,2.5,,2.5,,0.0,0.0,0,0,0,0,0,0
8202322,2025-10-25 00:30:00,1761332400,incomplete,12,2025/2026,2025-10-24,14930,210,Preston North End,251,Sheffield United,1.2,1.11,2.9,3.1,2.4,0.3180846515604959,0.2975630611372381,0.38435228730226595,1.04,6.75,1.48,2.6,2.36,1.49,4.4,1.21,9.0,1.01,2.08,1.7,1.3,0.0,1.35,25,92,42,33,25,9,2.4237288135593222,0.42372881355932207,2.41,2.31,1.37,1.63,0,0,0,0,0,0
8223748,2025-10-25 00:30:00,1761332400,incomplete,9,2025/2026,2025-10-24,15050,222,Leeds United,153,West Ham United,1.64,1.22,2.1,3.45,3.5,0.45275590551181105,0.2755905511811024,0.27165354330708663,1.05,10.0,1.3,3.3,2.0,1.8,3.5,1.29,6.45,1.1,1.8,1.95,1.3,0.0,1.91,38,88,75,50,13,0,2.5,0.5,2.25,2.86,1.4,1.73,0,0,0,0,0,0
8227218,2025-10-25 00:45:00,1761333300,incomplete,9,2025/2026,2025-10-24,15115,10708,Alverca,183,Gil Vicente,1.31,1.56,2.95,3.05,2.6,0.32239048683809335,0.31182030694176244,0.3657892062201443,1.1,6.5,1.55,2.45,2.37,1.53,4.45,1.18,10.5,1.05,2.0,1.76,1.3,0.0,1.38,25,88,63,38,0,0,2.4219409282700424,0.42194092827004215,2.25,2.87,1.5,1.82,0,0,0,0,0,0
8309825,2025-10-25 01:30:00,1761336000,incomplete,25,2025,2025-10-24,14116,2193,Palestino,2187,Everton,1.74,1.26,2.0,3.2,3.25,0.4463519313304721,0.27896995708154504,0.27467811158798283,1.02,8.0,1.33,3.15,1.98,1.75,3.46,1.3,6.2,1.06,1.8,1.98,1.21,0.0,1.7,43,96,77,48,15,10,2.505050505050505,0.5050505050505051,2.21,3.0,1.29,1.5,0,0,0,0,0,0
8322624,2025-10-25 02:30:00,1761339600,incomplete,17,2025,2025-10-24,14086,2146,Alianza Petrolera,2149,La Equidad,1.36,1.13,1.52,3.52,5.6,0.5871139916126572,0.2535264963781929,0.1593595120091498,1.01,8.4,1.32,3.08,1.84,1.86,3.34,1.24,8.0,1.05,2.21,1.62,1.22,0.0,2.46,43,86,64,45,24,10,2.5434782608695654,0.5434782608695652,2.31,2.49,0.0,0.0,0,0,0,0,0,0
7841370,2025-10-25 03:30:00,1761343200,incomplete,34,2025,2025-10-24,14305,2712,Novorizontino,2598,Botafogo SP,1.76,1.06,1.36,4.0,7.3,0.6551786034823192,0.2227607251839885,0.12206067133369233,1.02,8.5,1.33,2.93,2.15,1.63,3.8,1.18,8.5,1.06,2.3,1.55,1.22,0.0,2.34,51,100,78,41,22,13,2.4651162790697674,0.46511627906976744,2.13,2.8200000000000003,1.34,1.82,0,0,0,0,0,0
8231608,2025-10-25 03:30:00,1761343200,incomplete,13,2025/2026,2025-10-24,15031,805,Radomiak Radom,787,Wisła Płock,1.63,1.53,2.35,3.4,2.85,0.3974976925443544,0.2747410521997744,0.3277612552558712,0.0,0.0,0.0,0.0,1.92,1.8,0.0,0.0,0.0,0.0,0.0,0.0,0.0,0.0,0.0,69,100,83,51,34,17,2.5208333333333335,0.5208333333333334,2.18,3.16,0.0,0.0,0,0,0,0,0,0
7959487,2025-10-25 04:30:00,1761346800,incomplete,17,2025,2025-10-24,14086,2152,Fortaleza CEIF,2143,Deportivo Pasto,1.28,1.17,1.6,3.23,5.4,0.558144,0.27648,0.165376,1.1,6.46,1.5,2.54,2.35,1.52,4.7,1.15,9.3,1.0,2.39,1.56,1.33,0.0,2.0,46,90,64,39,20,7,2.425531914893617,0.425531914893617,2.25,2.45,1.65,2.05,0,0,0,0,0,0
8342725,2025-10-25 05:30:00,1761350400,incomplete,0,2025,2025-10-24,13973,677446,Inter Miami,677447,Nashville SC,1.66,1.32,1.45,5.3,5.6,0.6525228097174893,0.17852039133780367,0.16895679894470705,0.0,0.0,1.08,7.0,1.33,3.48,1.75,2.1,2.75,1.44,1.43,2.93,1.2,0.0,2.61,74,97,88,74,47,27,2.7518796992481205,0.7518796992481203,2.36,2.98,1.57,1.93,0,0,0,0,0,0
